person_id,age,gender_source_value,n_meas,first_lac,last_lac,peak_lac,clearance_abs,clearance_pct,died,t_days,tertile
-9066461348710750663,60,M,25,2.5,1.5,5.8,1.0,40.0,1,4.788194444444445,T3 high
-8993675534959689080,65,M,2,1.9,1.0,1.9,0.8999999999999999,47.368421052631575,0,54.83402777777778,T1 low
-8970844422700220177,34,M,1,2.5,2.5,2.5,0.0,0.0,0,12.74236111111111,T2 mid
-8928428202649726867,66,F,2,1.1,0.8,1.1,0.30000000000000004,27.272727272727277,0,5.679861111111111,T1 low
-8891617624507360381,70,F,1,2.2,2.2,2.2,0.0,0.0,0,2.8965277777777776,T1 low
-8659404739579738033,89,F,4,1.4,2.0,2.8,-0.6000000000000001,-42.85714285714287,1,213.0326388888889,T2 mid
-8492299714241840941,70,M,6,1.4,1.4,2.7,0.0,0.0,0,5.281944444444444,T2 mid
-8352232581952957278,78,F,3,3.0,2.1,3.0,0.8999999999999999,30.0,0,5.402083333333334,T2 mid
-8254164865273971123,56,M,11,1.5,2.6,6.3,-1.1,-73.33333333333334,0,320.18055555555554,T3 high
-8090189584974691216,56,M,2,2.5,1.7,2.5,0.8,32.0,0,55.22569444444444,T2 mid
-7938198040010520706,67,F,10,1.1,1.6,2.5,-0.5,-45.45454545454545,0,11.763194444444444,T2 mid
-7671795861352464589,63,F,8,3.8,5.7,6.3,-1.9000000000000004,-50.000000000000014,1,7.386805555555555,T3 high
-7636167699948083600,38,F,2,3.0,1.7,3.0,1.3,43.333333333333336,0,36.21736111111111,T2 mid
-7437341330444582833,55,F,1,1.3,1.3,1.3,0.0,0.0,0,6.332638888888889,T1 low
-7391666713304457659,26,F,3,3.3,2.3,4.5,1.0,30.303030303030305,0,10.448611111111111,T3 high
-6681895148320589913,72,M,7,1.3,0.7,3.1,0.6000000000000001,46.15384615384615,0,14.1375,T2 mid
-6525152599927900344,76,M,5,0.6,1.2,1.7,-0.6,-100.0,0,788.2236111111112,T1 low
-6289874722419061830,40,F,1,0.9,0.9,0.9,0.0,0.0,0,65.04305555555555,T1 low
-6225647829918357531,70,F,10,3.1,1.0,4.6,2.1,67.74193548387098,0,970.4375,T3 high
-6022656226246460545,21,F,8,1.8,2.4,5.4,-0.5999999999999999,-33.33333333333333,0,29.233333333333334,T3 high
-5829006308524050971,45,M,12,2.1,1.5,2.1,0.6000000000000001,28.571428571428577,0,366.65972222222223,T1 low
-5342370696241135313,78,M,3,0.8,2.8,2.8,-1.9999999999999998,-249.99999999999994,0,8.225,T2 mid
-4873075614181207858,66,M,4,1.4,1.4,3.1,0.0,0.0,0,2590.827083333333,T2 mid
-4502092208250381979,83,F,2,0.9,0.9,0.9,0.0,0.0,0,99.52152777777778,T1 low
-4353160957725823366,69,M,26,7.3,2.2,13.2,5.1,69.86301369863014,1,19.48263888888889,T3 high
-4234372750442829205,64,M,1,1.3,1.3,1.3,0.0,0.0,0,7.122222222222222,T1 low
-3908355835367628651,72,F,35,2.1,0.8,11.0,1.3,61.904761904761905,1,1184.7743055555557,T3 high
-3780452582396805474,57,F,2,5.5,2.0,5.5,3.5,63.63636363636363,0,11.935416666666667,T3 high
-3420195391796315831,72,M,5,1.4,0.8,1.9,0.5999999999999999,42.85714285714285,0,5.3875,T1 low
-3210373572193940939,67,M,4,1.6,2.8,3.5,-1.1999999999999997,-74.99999999999997,0,101.15486111111112,T3 high
-3024822967781525875,70,M,3,1.7,2.2,2.2,-0.5000000000000002,-29.411764705882366,0,4.104861111111111,T1 low
-2575767131279873665,67,M,1,3.1,3.1,3.1,0.0,0.0,0,58.764583333333334,T2 mid
-2500070523286875699,67,M,5,2.2,1.2,2.2,1.0000000000000002,45.45454545454546,1,6.3875,T1 low
-2312013739856114142,86,M,3,1.5,4.0,4.3,-2.5,-166.66666666666669,1,8.714583333333334,T3 high
-2286362762396278035,50,F,27,3.9,1.3,6.5,2.5999999999999996,66.66666666666666,0,18.59027777777778,T3 high
-1210657672714831684,79,M,25,5.8,1.0,5.8,4.8,82.75862068965517,0,312.1298611111111,T3 high
-1115201667562228350,91,F,5,2.9,1.6,3.1,1.2999999999999998,44.82758620689655,0,7.633333333333334,T2 mid
-775517641933593374,47,M,24,4.0,1.5,5.4,2.5,62.5,0,119.03472222222223,T3 high
-626229666378242477,54,M,30,0.9,7.5,7.5,-6.6,-733.3333333333333,1,1343.6631944444443,T3 high
-458664721446908388,59,F,2,3.8,1.6,3.8,2.1999999999999997,57.89473684210525,0,2.8097222222222222,T3 high
349862308128216812,57,M,25,2.7,1.5,3.1,1.2000000000000002,44.44444444444445,0,1237.8354166666666,T2 mid
421426604671948641,28,F,7,2.3,1.2,2.3,1.0999999999999999,47.826086956521735,0,101.16041666666666,T1 low
579254014084392336,77,M,15,1.9,1.8,2.2,0.09999999999999987,5.263157894736835,1,531.1395833333333,T1 low
817543968614095114,42,M,8,1.4,2.4,3.6,-1.0,-71.42857142857143,0,5.965972222222222,T3 high
1105072502834179413,51,M,7,3.7,2.2,3.7,1.5,40.54054054054054,0,16.895138888888887,T3 high
1194579079287927665,87,M,21,1.4,1.3,3.2,0.09999999999999987,7.142857142857134,1,129.99722222222223,T2 mid
1258460361496302149,29,F,10,2.5,1.4,2.7,1.1,44.00000000000001,0,1587.013888888889,T2 mid
1484542834460282651,62,M,2,1.7,1.9,1.9,-0.19999999999999996,-11.764705882352938,0,4.34375,T1 low
1532249960797525190,60,F,2,3.2,0.8,3.2,2.4000000000000004,75.00000000000001,0,4.6715277777777775,T2 mid
1741351032930224901,80,F,12,4.9,2.1,4.9,2.8000000000000003,57.14285714285714,0,2327.9791666666665,T3 high
2161418207209636934,81,M,9,3.1,2.0,4.4,1.1,35.483870967741936,0,6.657638888888889,T3 high
2188642953583197091,43,F,2,0.6,0.7,0.7,-0.09999999999999998,-16.666666666666664,0,332.29305555555555,T1 low
2213013192725646311,64,M,6,2.6,1.3,2.6,1.3,50.0,1,5.0784722222222225,T2 mid
2288881942133868955,55,F,1,1.0,1.0,1.0,0.0,0.0,0,43.090752314814814,T1 low
2341788304019377091,71,F,3,1.9,2.0,2.0,-0.10000000000000009,-5.263157894736848,0,300.1048611111111,T1 low
2601314283911413076,67,M,2,1.5,1.2,1.5,0.30000000000000004,20.000000000000004,1,0.7756944444444445,T1 low
2631971469928551627,34,M,2,2.8,2.6,2.8,0.19999999999999973,7.142857142857134,0,11.253472222222221,T2 mid
3129727379702505063,51,F,3,3.0,1.0,3.0,2.0,66.66666666666666,0,1945.0659722222222,T2 mid
3192038106523208432,53,F,1,1.1,1.1,1.1,0.0,0.0,0,1.8222222222222222,T1 low
3589912774911670296,58,M,5,2.7,1.6,3.6,1.1,40.74074074074075,0,6.238194444444445,T3 high
3773668700451843725,59,F,2,0.9,1.5,1.5,-0.6,-66.66666666666666,0,5.528472222222222,T1 low
4352191084057402257,66,M,24,1.0,1.4,2.9,-0.3999999999999999,-39.99999999999999,1,765.4555555555555,T2 mid
4498126063475867818,81,F,34,2.2,1.0,3.1,1.2000000000000002,54.545454545454554,0,1556.3472222222222,T2 mid
4668337230155062633,43,M,26,4.4,1.0,4.4,3.4000000000000004,77.27272727272727,0,368.5138888888889,T3 high
4783904755296699562,66,M,21,2.9,1.2,2.9,1.7,58.620689655172406,1,124.77708333333334,T2 mid
5863607150722936210,48,F,47,2.1,1.5,7.2,0.6000000000000001,28.571428571428577,0,1459.317361111111,T3 high
5894416985828315484,63,F,7,1.0,2.1,2.6,-1.1,-110.00000000000001,0,5.445138888888889,T2 mid
6128703162302148003,58,F,5,1.1,0.8,1.9,0.30000000000000004,27.272727272727277,0,19.17222222222222,T1 low
6339505631013617478,52,M,9,11.9,9.2,12.0,2.700000000000001,22.68907563025211,1,1.7256944444444444,T3 high
6543064765547201849,28,M,2,1.0,2.1,2.1,-1.1,-110.00000000000001,0,4.249305555555556,T1 low
7131048714591189903,53,M,15,1.1,1.1,2.4,0.0,0.0,0,2630.063888888889,T2 mid
7155255168997124770,60,M,20,1.5,1.6,2.8,-0.10000000000000009,-6.666666666666672,0,1333.4604166666666,T2 mid
7262671035615120930,48,F,8,2.3,0.9,3.7,1.4,60.86956521739131,0,1237.6125,T3 high
7427037643503998178,91,F,8,2.2,1.6,2.2,0.6000000000000001,27.272727272727277,0,944.3479166666667,T1 low
7489836918826771862,51,M,3,0.8,0.8,0.8,0.0,0.0,0,331.15,T1 low
7633320537823105326,44,M,2,1.5,2.7,2.7,-1.2000000000000002,-80.00000000000001,0,14.4375,T2 mid
7708191038975000369,78,M,2,0.9,1.7,1.7,-0.7999999999999999,-88.88888888888889,0,5.038888888888889,T1 low
7918537411740862407,78,F,15,2.1,0.9,6.5,1.2000000000000002,57.14285714285715,0,837.4965277777778,T3 high
8009761406928052418,59,M,4,1.6,0.8,3.0,0.8,50.0,0,6.310416666666667,T2 mid
8090044958540695372,66,F,10,1.2,1.6,2.7,-0.40000000000000013,-33.33333333333335,0,945.9854166666667,T2 mid
8480470964666031560,82,M,6,1.7,2.6,6.5,-0.9000000000000001,-52.941176470588246,0,8.082638888888889,T3 high
8527170356523164323,52,F,3,1.7,2.1,2.1,-0.40000000000000013,-23.52941176470589,0,188.29971064814814,T1 low
8805478484003283429,52,M,2,0.8,1.6,1.6,-0.8,-100.0,0,4.377777777777778,T1 low
