person_id,measurement_date,measurement_datetime,value_as_number,unit_source_value,visit_occurrence_id
-9066461348710750663,2185-01-17,2185-01-17 19:30:00,2.5,mmol/L,-7972824337100083284
-9066461348710750663,2185-01-17,2185-01-17 21:25:00,2.8,mmol/L,-7972824337100083284
-9066461348710750663,2185-01-17,2185-01-17 22:30:00,2.5,mmol/L,-7972824337100083284
-9066461348710750663,2185-01-18,2185-01-18 00:14:00,2.9,mmol/L,-7972824337100083284
-9066461348710750663,2185-01-18,2185-01-18 06:17:00,2.4,mmol/L,-7972824337100083284
-9066461348710750663,2185-01-18,2185-01-18 09:45:00,3.1,mmol/L,-7972824337100083284
-9066461348710750663,2185-01-18,2185-01-18 13:23:00,3.8,mmol/L,-7972824337100083284
-9066461348710750663,2185-01-18,2185-01-18 14:58:00,3.3,mmol/L,-7972824337100083284
-9066461348710750663,2185-01-18,2185-01-18 18:24:00,5.8,mmol/L,-7972824337100083284
-9066461348710750663,2185-01-18,2185-01-18 20:08:00,5.1,mmol/L,-7972824337100083284
-9066461348710750663,2185-01-18,2185-01-18 22:04:00,4.2,mmol/L,-7972824337100083284
-9066461348710750663,2185-01-19,2185-01-19 00:40:00,3.3,mmol/L,-7972824337100083284
-9066461348710750663,2185-01-19,2185-01-19 04:25:00,3.2,mmol/L,-7972824337100083284
-9066461348710750663,2185-01-19,2185-01-19 07:58:00,2.7,mmol/L,-7972824337100083284
-9066461348710750663,2185-01-19,2185-01-19 10:25:00,2.2,mmol/L,-7972824337100083284
-9066461348710750663,2185-01-19,2185-01-19 15:54:00,1.8,mmol/L,-7972824337100083284
-9066461348710750663,2185-01-19,2185-01-19 17:37:00,2.1,mmol/L,-7972824337100083284
-9066461348710750663,2185-01-20,2185-01-20 00:18:00,1.8,mmol/L,-7972824337100083284
-9066461348710750663,2185-01-20,2185-01-20 04:17:00,1.6,mmol/L,-7972824337100083284
-9066461348710750663,2185-01-20,2185-01-20 14:42:00,1.7,mmol/L,-7972824337100083284
-9066461348710750663,2185-01-21,2185-01-21 04:29:00,1.5,mmol/L,-7972824337100083284
-9066461348710750663,2185-01-21,2185-01-21 09:51:00,1.4,mmol/L,-7972824337100083284
-9066461348710750663,2185-01-21,2185-01-21 16:32:00,1.4,mmol/L,-7972824337100083284
-9066461348710750663,2185-01-21,2185-01-21 21:42:00,1.6,mmol/L,-7972824337100083284
-9066461348710750663,2185-01-22,2185-01-22 03:10:00,1.5,mmol/L,-7972824337100083284
-8993675534959689080,2181-09-02,2181-09-02 19:29:00,1.9,mmol/L,-8393481278733473454
-8993675534959689080,2181-10-25,2181-10-25 09:44:00,1.0,mmol/L,6801451554905615349
-8970844422700220177,2148-09-10,2148-09-10 18:29:00,2.5,mmol/L,2213171355741333981
-8928428202649726867,2185-06-15,2185-06-15 23:36:00,1.1,mmol/L,7756012518331333320
-8928428202649726867,2185-06-17,2185-06-17 01:14:00,0.8,mmol/L,7756012518331333320
-8891617624507360381,2137-03-15,2137-03-15 19:03:00,2.2,mmol/L,-2286591379892528820
-8659404739579738033,2155-05-08,2155-05-08 14:43:00,1.4,mmol/L,-9035984181764787833
-8659404739579738033,2155-12-02,2155-12-02 17:30:00,2.8,mmol/L,829078974010344533
-8659404739579738033,2155-12-03,2155-12-03 00:15:00,2.3,mmol/L,829078974010344533
-8659404739579738033,2155-12-03,2155-12-03 05:54:00,2.0,mmol/L,829078974010344533
-8492299714241840941,2113-08-25,2113-08-25 07:29:00,1.4,mmol/L,1217725107735182493
-8492299714241840941,2113-08-25,2113-08-25 09:10:00,2.7,mmol/L,1217725107735182493
-8492299714241840941,2113-08-25,2113-08-25 10:10:00,1.8,mmol/L,1217725107735182493
-8492299714241840941,2113-08-25,2113-08-25 11:34:00,2.7,mmol/L,1217725107735182493
-8492299714241840941,2113-08-26,2113-08-26 03:37:00,1.7,mmol/L,1217725107735182493
-8492299714241840941,2113-08-26,2113-08-26 06:56:00,1.4,mmol/L,1217725107735182493
-8352232581952957278,2137-06-13,2137-06-13 06:06:00,3.0,mmol/L,-3473387711927780986
-8352232581952957278,2137-06-13,2137-06-13 09:25:00,2.3,mmol/L,-3473387711927780986
-8352232581952957278,2137-06-13,2137-06-13 14:13:00,2.1,mmol/L,-3473387711927780986
-8254164865273971123,2150-03-11,2150-03-11 17:30:00,1.5,mmol/L,4648842658730651801
-8254164865273971123,2150-03-12,2150-03-12 14:40:00,2.3,mmol/L,4648842658730651801
-8254164865273971123,2150-03-15,2150-03-15 20:12:00,3.8,mmol/L,4648842658730651801
-8254164865273971123,2150-03-16,2150-03-16 08:15:00,1.2,mmol/L,4648842658730651801
-8254164865273971123,2150-03-19,2150-03-19 04:01:00,6.3,mmol/L,4648842658730651801
-8254164865273971123,2150-03-19,2150-03-19 06:31:00,2.0,mmol/L,4648842658730651801
-8254164865273971123,2150-03-19,2150-03-19 06:49:00,2.0,mmol/L,4648842658730651801
-8254164865273971123,2150-03-29,2150-03-29 23:08:00,0.9,mmol/L,4648842658730651801
-8254164865273971123,2150-03-30,2150-03-30 04:57:00,1.6,mmol/L,4648842658730651801
-8254164865273971123,2150-03-30,2150-03-30 09:39:00,1.6,mmol/L,4648842658730651801
-8254164865273971123,2150-06-13,2150-06-13 15:41:00,2.6,mmol/L,-4585807197100080702
-8090189584974691216,2174-05-26,2174-05-26 05:25:00,2.5,mmol/L,-9133360720296560252
-8090189584974691216,2174-05-28,2174-05-28 06:53:00,1.7,mmol/L,-9133360720296560252
-7938198040010520706,2137-10-12,2137-10-12 23:11:00,1.1,mmol/L,1492088393482324243
-7938198040010520706,2137-10-13,2137-10-13 01:49:00,1.1,mmol/L,1492088393482324243
-7938198040010520706,2137-10-13,2137-10-13 04:40:00,1.1,mmol/L,1492088393482324243
-7938198040010520706,2137-10-13,2137-10-13 06:37:00,1.2,mmol/L,1492088393482324243
-7938198040010520706,2137-10-13,2137-10-13 10:28:00,1.1,mmol/L,1492088393482324243
-7938198040010520706,2137-10-13,2137-10-13 14:37:00,1.2,mmol/L,1492088393482324243
-7938198040010520706,2137-10-13,2137-10-13 18:42:00,1.5,mmol/L,1492088393482324243
-7938198040010520706,2137-10-14,2137-10-14 11:15:00,1.6,mmol/L,1492088393482324243
-7938198040010520706,2137-10-15,2137-10-15 16:20:00,2.5,mmol/L,1492088393482324243
-7938198040010520706,2137-10-16,2137-10-16 02:31:00,1.6,mmol/L,1492088393482324243
-7671795861352464589,2115-10-04,2115-10-04 14:43:00,3.8,mmol/L,-4450036475543296934
-7671795861352464589,2115-10-06,2115-10-06 19:35:00,4.4,mmol/L,-4450036475543296934
-7671795861352464589,2115-10-07,2115-10-07 18:17:00,4.3,mmol/L,-4450036475543296934
-7671795861352464589,2115-10-09,2115-10-09 09:37:00,5.1,mmol/L,-4450036475543296934
-7671795861352464589,2115-10-09,2115-10-09 12:03:00,5.9,mmol/L,-4450036475543296934
-7671795861352464589,2115-10-10,2115-10-10 03:36:00,6.3,mmol/L,-4450036475543296934
-7671795861352464589,2115-10-10,2115-10-10 17:35:00,5.8,mmol/L,-4450036475543296934
-7671795861352464589,2115-10-11,2115-10-11 03:47:00,5.7,mmol/L,-4450036475543296934
-7636167699948083600,2143-02-17,2143-02-17 07:47:00,3.0,mmol/L,-8406750520095401791
-7636167699948083600,2143-03-22,2143-03-22 04:17:00,1.7,mmol/L,5266191446219599713
-7437341330444582833,2113-09-14,2113-09-14 10:41:00,1.3,mmol/L,3697313480337443666
-7391666713304457659,2110-11-30,2110-11-30 05:07:00,3.3,mmol/L,7471265481930076809
-7391666713304457659,2110-11-30,2110-11-30 15:20:00,4.5,mmol/L,7471265481930076809
-7391666713304457659,2110-11-30,2110-11-30 16:43:00,2.3,mmol/L,7471265481930076809
-6681895148320589913,2131-02-27,2131-02-27 13:43:00,1.3,mmol/L,-3356178560202223516
-6681895148320589913,2131-02-27,2131-02-27 18:03:00,3.1,mmol/L,-3356178560202223516
-6681895148320589913,2131-02-28,2131-02-28 00:35:00,1.1,mmol/L,-3356178560202223516
-6681895148320589913,2131-03-01,2131-03-01 01:43:00,0.6,mmol/L,-3356178560202223516
-6681895148320589913,2131-03-03,2131-03-03 09:20:00,0.8,mmol/L,-3356178560202223516
-6681895148320589913,2131-03-03,2131-03-03 21:42:00,0.8,mmol/L,-3356178560202223516
-6681895148320589913,2131-03-05,2131-03-05 11:24:00,0.7,mmol/L,-3356178560202223516
-6525152599927900344,2128-09-05,2128-09-05 10:38:00,0.6,mmol/L,-2400080981573746446
-6525152599927900344,2130-10-27,2130-10-27 12:27:00,0.8,mmol/L,3186004299987969885
-6525152599927900344,2130-10-27,2130-10-27 15:18:00,1.7,mmol/L,3186004299987969885
-6525152599927900344,2130-10-27,2130-10-27 18:52:00,1.6,mmol/L,3186004299987969885
-6525152599927900344,2130-10-27,2130-10-27 20:25:00,1.2,mmol/L,3186004299987969885
-6289874722419061830,2144-10-30,2144-10-30 09:08:00,0.9,mmol/L,4666904852670263876
-6225647829918357531,2153-03-27,2153-03-27 23:03:00,3.1,mmol/L,2405647860386309016
-6225647829918357531,2153-03-28,2153-03-28 03:33:00,3.7,mmol/L,2405647860386309016
-6225647829918357531,2153-03-28,2153-03-28 08:10:00,4.6,mmol/L,2405647860386309016
-6225647829918357531,2153-03-28,2153-03-28 10:18:00,3.9,mmol/L,2405647860386309016
-6225647829918357531,2153-03-28,2153-03-28 12:11:00,3.1,mmol/L,2405647860386309016
-6225647829918357531,2153-03-28,2153-03-28 20:00:00,3.7,mmol/L,2405647860386309016
-6225647829918357531,2153-03-29,2153-03-29 04:42:00,2.1,mmol/L,2405647860386309016
-6225647829918357531,2153-04-13,2153-04-13 22:39:00,0.7,mmol/L,-5858622384293595606
-6225647829918357531,2153-04-14,2153-04-14 03:14:00,0.9,mmol/L,-5858622384293595606
-6225647829918357531,2155-07-11,2155-07-11 23:49:00,1.0,mmol/L,-2701510147444351660
-6022656226246460545,2125-02-27,2125-02-27 08:01:00,1.8,mmol/L,7555495970393046942
-6022656226246460545,2125-02-27,2125-02-27 11:05:00,5.4,mmol/L,7555495970393046942
-6022656226246460545,2125-02-27,2125-02-27 11:54:00,3.0,mmol/L,7555495970393046942
-6022656226246460545,2125-02-27,2125-02-27 13:45:00,1.1,mmol/L,7555495970393046942
-6022656226246460545,2125-02-27,2125-02-27 15:14:00,3.3,mmol/L,7555495970393046942
-6022656226246460545,2125-02-27,2125-02-27 18:03:00,4.3,mmol/L,7555495970393046942
-6022656226246460545,2125-02-27,2125-02-27 23:54:00,2.4,mmol/L,7555495970393046942
-6022656226246460545,2125-03-19,2125-03-19 13:44:00,2.4,mmol/L,-7272752489332381290
-5829006308524050971,2131-05-22,2131-05-22 21:11:00,2.1,mmol/L,-7351550472011464089
-5829006308524050971,2131-05-22,2131-05-22 23:55:00,1.6,mmol/L,-7351550472011464089
-5829006308524050971,2131-05-23,2131-05-23 10:52:00,0.9,mmol/L,-7351550472011464089
-5829006308524050971,2131-05-23,2131-05-23 18:36:00,1.2,mmol/L,-7351550472011464089
-5829006308524050971,2131-05-24,2131-05-24 05:19:00,1.0,mmol/L,-7351550472011464089
-5829006308524050971,2131-05-24,2131-05-24 17:08:00,1.0,mmol/L,-7351550472011464089
-5829006308524050971,2131-05-24,2131-05-24 22:52:00,1.2,mmol/L,-7351550472011464089
-5829006308524050971,2131-05-25,2131-05-25 11:51:00,1.0,mmol/L,-7351550472011464089
-5829006308524050971,2131-05-26,2131-05-26 04:50:00,1.0,mmol/L,-7351550472011464089
-5829006308524050971,2131-05-26,2131-05-26 21:51:00,1.1,mmol/L,-7351550472011464089
-5829006308524050971,2131-05-27,2131-05-27 02:25:00,1.1,mmol/L,-7351550472011464089
-5829006308524050971,2131-05-28,2131-05-28 12:20:00,1.5,mmol/L,-7351550472011464089
-5342370696241135313,2111-01-17,2111-01-17 09:36:00,0.8,mmol/L,8365289099832678489
-5342370696241135313,2111-01-17,2111-01-17 13:54:00,2.8,mmol/L,8365289099832678489
-5342370696241135313,2111-01-17,2111-01-17 20:13:00,2.8,mmol/L,8365289099832678489
-4873075614181207858,2141-08-12,2141-08-12 16:54:00,1.4,mmol/L,7168998612115683297
-4873075614181207858,2141-12-17,2141-12-17 10:28:00,1.3,mmol/L,6590022884891194373
-4873075614181207858,2141-12-17,2141-12-17 13:32:00,3.1,mmol/L,6590022884891194373
-4873075614181207858,2147-10-07,2147-10-07 12:47:00,1.4,mmol/L,-6377697567084352828
-4502092208250381979,2154-04-26,2154-04-26 05:19:00,0.9,mmol/L,1482978734335253228
-4502092208250381979,2154-04-27,2154-04-27 07:04:00,0.9,mmol/L,1482978734335253228
-4353160957725823366,2146-06-22,2146-06-22 12:25:00,7.3,mmol/L,4077761676343850739
-4353160957725823366,2146-06-22,2146-06-22 13:02:00,8.6,mmol/L,4077761676343850739
-4353160957725823366,2146-06-22,2146-06-22 14:09:00,9.5,mmol/L,4077761676343850739
-4353160957725823366,2146-06-22,2146-06-22 17:13:00,13.0,mmol/L,4077761676343850739
-4353160957725823366,2146-06-22,2146-06-22 17:51:00,13.2,mmol/L,4077761676343850739
-4353160957725823366,2146-06-22,2146-06-22 19:58:00,8.5,mmol/L,4077761676343850739
-4353160957725823366,2146-06-22,2146-06-22 22:20:00,12.4,mmol/L,4077761676343850739
-4353160957725823366,2146-06-23,2146-06-23 00:23:00,8.8,mmol/L,4077761676343850739
-4353160957725823366,2146-06-23,2146-06-23 03:22:00,12.8,mmol/L,4077761676343850739
-4353160957725823366,2146-06-23,2146-06-23 05:54:00,11.5,mmol/L,4077761676343850739
-4353160957725823366,2146-06-23,2146-06-23 09:22:00,9.0,mmol/L,4077761676343850739
-4353160957725823366,2146-06-23,2146-06-23 14:45:00,6.1,mmol/L,4077761676343850739
-4353160957725823366,2146-06-23,2146-06-23 17:41:00,4.3,mmol/L,4077761676343850739
-4353160957725823366,2146-06-23,2146-06-23 21:21:00,3.0,mmol/L,4077761676343850739
-4353160957725823366,2146-06-24,2146-06-24 03:09:00,2.1,mmol/L,4077761676343850739
-4353160957725823366,2146-06-24,2146-06-24 15:57:00,1.9,mmol/L,4077761676343850739
-4353160957725823366,2146-06-24,2146-06-24 22:04:00,1.6,mmol/L,4077761676343850739
-4353160957725823366,2146-06-25,2146-06-25 21:51:00,1.6,mmol/L,4077761676343850739
-4353160957725823366,2146-06-26,2146-06-26 04:02:00,1.7,mmol/L,4077761676343850739
-4353160957725823366,2146-06-26,2146-06-26 09:59:00,1.5,mmol/L,4077761676343850739
-4353160957725823366,2146-06-29,2146-06-29 17:21:00,1.4,mmol/L,4077761676343850739
-4353160957725823366,2146-07-01,2146-07-01 03:23:00,2.0,mmol/L,4077761676343850739
-4353160957725823366,2146-07-04,2146-07-04 14:22:00,2.4,mmol/L,4077761676343850739
-4353160957725823366,2146-07-04,2146-07-04 20:50:00,2.4,mmol/L,4077761676343850739
-4353160957725823366,2146-07-05,2146-07-05 03:41:00,2.5,mmol/L,4077761676343850739
-4353160957725823366,2146-07-05,2146-07-05 15:23:00,2.2,mmol/L,4077761676343850739
-4234372750442829205,2154-01-02,2154-01-02 08:57:00,1.3,mmol/L,-5317261811030552609
-3908355835367628651,2134-06-05,2134-06-05 22:30:00,2.1,mmol/L,7702419411399618745
-3908355835367628651,2134-06-06,2134-06-06 01:49:00,1.2,mmol/L,7702419411399618745
-3908355835367628651,2136-11-04,2136-11-04 16:44:00,2.5,mmol/L,-967841935983967283
-3908355835367628651,2136-11-05,2136-11-05 06:24:00,1.2,mmol/L,-967841935983967283
-3908355835367628651,2136-12-09,2136-12-09 13:56:00,2.6,mmol/L,-1393184459628769335
-3908355835367628651,2136-12-09,2136-12-09 21:24:00,1.2,mmol/L,-1393184459628769335
-3908355835367628651,2136-12-31,2136-12-31 17:50:00,1.2,mmol/L,2343175708319692165
-3908355835367628651,2137-02-25,2137-02-25 17:35:00,2.3,mmol/L,-4177473998334219433
-3908355835367628651,2137-02-25,2137-02-25 19:06:00,3.3,mmol/L,-4177473998334219433
-3908355835367628651,2137-02-25,2137-02-25 19:35:00,4.2,mmol/L,-4177473998334219433
-3908355835367628651,2137-02-25,2137-02-25 23:51:00,6.8,mmol/L,-4177473998334219433
-3908355835367628651,2137-02-26,2137-02-26 00:27:00,8.3,mmol/L,-4177473998334219433
-3908355835367628651,2137-02-26,2137-02-26 04:38:00,11.0,mmol/L,-4177473998334219433
-3908355835367628651,2137-02-26,2137-02-26 04:40:00,8.8,mmol/L,-4177473998334219433
-3908355835367628651,2137-02-26,2137-02-26 05:21:00,11.0,mmol/L,-4177473998334219433
-3908355835367628651,2137-02-26,2137-02-26 09:55:00,10.0,mmol/L,-4177473998334219433
-3908355835367628651,2137-02-26,2137-02-26 13:20:00,9.2,mmol/L,-4177473998334219433
-3908355835367628651,2137-02-26,2137-02-26 17:27:00,7.8,mmol/L,-4177473998334219433
-3908355835367628651,2137-02-26,2137-02-26 22:38:00,5.9,mmol/L,-4177473998334219433
-3908355835367628651,2137-02-27,2137-02-27 03:33:00,4.2,mmol/L,-4177473998334219433
-3908355835367628651,2137-02-27,2137-02-27 14:18:00,4.8,mmol/L,-4177473998334219433
-3908355835367628651,2137-02-28,2137-02-28 10:59:00,6.2,mmol/L,-4177473998334219433
-3908355835367628651,2137-08-10,2137-08-10 22:10:00,0.8,mmol/L,-3115724380369486208
-3908355835367628651,2137-08-11,2137-08-11 04:46:00,0.9,mmol/L,-3115724380369486208
-3908355835367628651,2137-08-17,2137-08-17 18:25:00,1.0,mmol/L,-3115724380369486208
-3908355835367628651,2137-08-17,2137-08-17 20:59:00,0.9,mmol/L,-3115724380369486208
-3908355835367628651,2137-08-18,2137-08-18 05:05:00,1.9,mmol/L,-3115724380369486208
-3908355835367628651,2137-08-19,2137-08-19 02:39:00,1.7,mmol/L,-3115724380369486208
-3908355835367628651,2137-08-19,2137-08-19 20:41:00,1.4,mmol/L,-3115724380369486208
-3908355835367628651,2137-08-20,2137-08-20 15:17:00,1.2,mmol/L,-3115724380369486208
-3908355835367628651,2137-08-21,2137-08-21 12:20:00,1.0,mmol/L,-3115724380369486208
-3908355835367628651,2137-08-21,2137-08-21 14:49:00,1.1,mmol/L,-3115724380369486208
-3908355835367628651,2137-08-21,2137-08-21 16:45:00,1.0,mmol/L,-3115724380369486208
-3908355835367628651,2137-08-21,2137-08-21 21:56:00,1.2,mmol/L,-3115724380369486208
-3908355835367628651,2137-08-28,2137-08-28 04:54:00,0.8,mmol/L,-3115724380369486208
-3780452582396805474,2115-12-28,2115-12-28 12:33:00,5.5,mmol/L,1384337365755163052
-3780452582396805474,2115-12-28,2115-12-28 14:45:00,2.0,mmol/L,1384337365755163052
-3420195391796315831,2187-07-29,2187-07-29 07:44:00,1.4,mmol/L,7387308796382001240
-3420195391796315831,2187-07-29,2187-07-29 09:16:00,1.8,mmol/L,7387308796382001240
-3420195391796315831,2187-07-29,2187-07-29 10:42:00,1.7,mmol/L,7387308796382001240
-3420195391796315831,2187-07-29,2187-07-29 14:31:00,1.9,mmol/L,7387308796382001240
-3420195391796315831,2187-07-29,2187-07-29 17:23:00,0.8,mmol/L,7387308796382001240
-3210373572193940939,2146-12-15,2146-12-15 07:52:00,1.6,mmol/L,-4740650079733515392
-3210373572193940939,2146-12-15,2146-12-15 11:23:00,3.5,mmol/L,-4740650079733515392
-3210373572193940939,2146-12-15,2146-12-15 13:55:00,3.4,mmol/L,-4740650079733515392
-3210373572193940939,2146-12-15,2146-12-15 15:09:00,2.8,mmol/L,-4740650079733515392
-3024822967781525875,2120-05-13,2120-05-13 13:29:00,1.7,mmol/L,5341970901509720051
-3024822967781525875,2120-05-13,2120-05-13 16:46:00,1.8,mmol/L,5341970901509720051
-3024822967781525875,2120-05-13,2120-05-13 19:45:00,2.2,mmol/L,5341970901509720051
-2575767131279873665,2117-04-11,2117-04-11 17:39:00,3.1,mmol/L,-7891579270619134632
-2500070523286875699,2201-07-07,2201-07-07 14:09:00,2.2,mmol/L,-5672047120660250788
-2500070523286875699,2201-07-07,2201-07-07 22:41:00,1.3,mmol/L,-5672047120660250788
-2500070523286875699,2201-07-09,2201-07-09 23:32:00,1.1,mmol/L,-5672047120660250788
-2500070523286875699,2201-07-10,2201-07-10 09:04:00,1.5,mmol/L,-5672047120660250788
-2500070523286875699,2201-07-10,2201-07-10 19:51:00,1.2,mmol/L,-5672047120660250788
-2312013739856114142,2116-06-26,2116-06-26 14:56:00,1.5,mmol/L,-5005846256467230136
-2312013739856114142,2116-07-05,2116-07-05 05:51:00,4.3,mmol/L,-5005846256467230136
-2312013739856114142,2116-07-05,2116-07-05 05:59:00,4.0,mmol/L,-5005846256467230136
-2286362762396278035,2123-02-20,2123-02-20 01:20:00,3.9,mmol/L,7488040416812864165
-2286362762396278035,2123-02-20,2123-02-20 04:19:00,3.9,mmol/L,7488040416812864165
-2286362762396278035,2123-02-20,2123-02-20 04:52:00,5.3,mmol/L,7488040416812864165
-2286362762396278035,2123-02-20,2123-02-20 05:21:00,6.5,mmol/L,7488040416812864165
-2286362762396278035,2123-02-20,2123-02-20 07:14:00,5.5,mmol/L,7488040416812864165
-2286362762396278035,2123-02-20,2123-02-20 11:13:00,5.5,mmol/L,7488040416812864165
-2286362762396278035,2123-02-20,2123-02-20 14:50:00,5.1,mmol/L,7488040416812864165
-2286362762396278035,2123-02-20,2123-02-20 18:42:00,3.0,mmol/L,7488040416812864165
-2286362762396278035,2123-02-20,2123-02-20 23:15:00,2.1,mmol/L,7488040416812864165
-2286362762396278035,2123-02-21,2123-02-21 05:51:00,1.8,mmol/L,7488040416812864165
-2286362762396278035,2123-02-21,2123-02-21 13:43:00,2.0,mmol/L,7488040416812864165
-2286362762396278035,2123-02-21,2123-02-21 21:08:00,1.6,mmol/L,7488040416812864165
-2286362762396278035,2123-02-22,2123-02-22 05:41:00,1.7,mmol/L,7488040416812864165
-2286362762396278035,2123-02-22,2123-02-22 12:24:00,1.2,mmol/L,7488040416812864165
-2286362762396278035,2123-02-22,2123-02-22 20:38:00,1.3,mmol/L,7488040416812864165
-2286362762396278035,2123-02-23,2123-02-23 04:59:00,1.2,mmol/L,7488040416812864165
-2286362762396278035,2123-02-23,2123-02-23 21:15:00,1.1,mmol/L,7488040416812864165
-2286362762396278035,2123-02-24,2123-02-24 04:14:00,1.3,mmol/L,7488040416812864165
-2286362762396278035,2123-02-25,2123-02-25 05:23:00,1.0,mmol/L,7488040416812864165
-2286362762396278035,2123-02-25,2123-02-25 15:41:00,1.3,mmol/L,7488040416812864165
-2286362762396278035,2123-02-26,2123-02-26 01:33:00,1.3,mmol/L,7488040416812864165
-2286362762396278035,2123-02-26,2123-02-26 05:39:00,1.1,mmol/L,7488040416812864165
-2286362762396278035,2123-02-26,2123-02-26 14:49:00,1.1,mmol/L,7488040416812864165
-2286362762396278035,2123-02-26,2123-02-26 18:47:00,1.4,mmol/L,7488040416812864165
-2286362762396278035,2123-02-27,2123-02-27 03:50:00,1.3,mmol/L,7488040416812864165
-2286362762396278035,2123-02-27,2123-02-27 17:56:00,1.4,mmol/L,7488040416812864165
-2286362762396278035,2123-02-28,2123-02-28 00:53:00,1.3,mmol/L,7488040416812864165
-1210657672714831684,2133-12-18,2133-12-18 14:00:00,5.8,mmol/L,-3312868479314057914
-1210657672714831684,2133-12-18,2133-12-18 15:42:00,5.3,mmol/L,-3312868479314057914
-1210657672714831684,2133-12-18,2133-12-18 16:34:00,3.9,mmol/L,-3312868479314057914
-1210657672714831684,2133-12-18,2133-12-18 17:35:00,2.6,mmol/L,-3312868479314057914
-1210657672714831684,2133-12-18,2133-12-18 19:38:00,1.9,mmol/L,-3312868479314057914
-1210657672714831684,2133-12-18,2133-12-18 21:15:00,3.0,mmol/L,-3312868479314057914
-1210657672714831684,2133-12-19,2133-12-19 00:05:00,1.8,mmol/L,-3312868479314057914
-1210657672714831684,2133-12-19,2133-12-19 01:55:00,2.3,mmol/L,-3312868479314057914
-1210657672714831684,2133-12-19,2133-12-19 06:06:00,2.4,mmol/L,-3312868479314057914
-1210657672714831684,2133-12-19,2133-12-19 10:06:00,2.2,mmol/L,-3312868479314057914
-1210657672714831684,2133-12-19,2133-12-19 16:32:00,2.5,mmol/L,-3312868479314057914
-1210657672714831684,2133-12-20,2133-12-20 00:48:00,2.5,mmol/L,-3312868479314057914
-1210657672714831684,2133-12-20,2133-12-20 06:29:00,2.4,mmol/L,-3312868479314057914
-1210657672714831684,2133-12-20,2133-12-20 14:16:00,2.3,mmol/L,-3312868479314057914
-1210657672714831684,2133-12-20,2133-12-20 21:38:00,1.8,mmol/L,-3312868479314057914
-1210657672714831684,2133-12-21,2133-12-21 02:23:00,1.5,mmol/L,-3312868479314057914
-1210657672714831684,2133-12-21,2133-12-21 13:07:00,1.3,mmol/L,-3312868479314057914
-1210657672714831684,2133-12-21,2133-12-21 21:02:00,1.1,mmol/L,-3312868479314057914
-1210657672714831684,2133-12-22,2133-12-22 02:28:00,1.1,mmol/L,-3312868479314057914
-1210657672714831684,2134-01-02,2134-01-02 22:54:00,1.0,mmol/L,-3312868479314057914
-1210657672714831684,2134-01-02,2134-01-02 23:08:00,0.8,mmol/L,-3312868479314057914
-1210657672714831684,2134-08-05,2134-08-05 19:11:00,1.3,mmol/L,-8182464464425264410
-1210657672714831684,2134-08-17,2134-08-17 17:08:00,1.5,mmol/L,5008271592813065917
-1210657672714831684,2134-09-05,2134-09-05 17:35:00,1.8,mmol/L,-4447792081872066686
-1210657672714831684,2134-10-26,2134-10-26 16:51:00,1.0,mmol/L,-36628719833549129
-1115201667562228350,2153-02-12,2153-02-12 22:40:00,2.9,mmol/L,-1502687826936847152
-1115201667562228350,2153-02-13,2153-02-13 06:18:00,3.1,mmol/L,-1502687826936847152
-1115201667562228350,2153-02-13,2153-02-13 12:39:00,1.5,mmol/L,-1502687826936847152
-1115201667562228350,2153-02-13,2153-02-13 16:33:00,2.8,mmol/L,-1502687826936847152
-1115201667562228350,2153-02-14,2153-02-14 14:44:00,1.6,mmol/L,-1502687826936847152
-775517641933593374,2196-02-24,2196-02-24 12:40:00,4.0,mmol/L,-6400688276878690493
-775517641933593374,2196-02-24,2196-02-24 17:53:00,3.1,mmol/L,-6400688276878690493
-775517641933593374,2196-02-24,2196-02-24 20:54:00,3.2,mmol/L,-6400688276878690493
-775517641933593374,2196-02-24,2196-02-24 23:57:00,2.9,mmol/L,-6400688276878690493
-775517641933593374,2196-02-25,2196-02-25 01:56:00,2.7,mmol/L,-6400688276878690493
-775517641933593374,2196-02-25,2196-02-25 04:50:00,2.9,mmol/L,-6400688276878690493
-775517641933593374,2196-02-25,2196-02-25 06:22:00,3.0,mmol/L,-6400688276878690493
-775517641933593374,2196-02-25,2196-02-25 08:24:00,4.5,mmol/L,-6400688276878690493
-775517641933593374,2196-02-25,2196-02-25 15:10:00,4.8,mmol/L,-6400688276878690493
-775517641933593374,2196-02-25,2196-02-25 21:58:00,2.0,mmol/L,-6400688276878690493
-775517641933593374,2196-02-26,2196-02-26 00:39:00,2.2,mmol/L,-6400688276878690493
-775517641933593374,2196-02-26,2196-02-26 03:45:00,5.4,mmol/L,-6400688276878690493
-775517641933593374,2196-02-26,2196-02-26 06:37:00,4.6,mmol/L,-6400688276878690493
-775517641933593374,2196-02-26,2196-02-26 10:49:00,3.3,mmol/L,-6400688276878690493
-775517641933593374,2196-02-26,2196-02-26 14:17:00,2.5,mmol/L,-6400688276878690493
-775517641933593374,2196-02-26,2196-02-26 16:30:00,2.3,mmol/L,-6400688276878690493
-775517641933593374,2196-02-26,2196-02-26 18:10:00,2.3,mmol/L,-6400688276878690493
-775517641933593374,2196-02-26,2196-02-26 21:29:00,1.8,mmol/L,-6400688276878690493
-775517641933593374,2196-02-27,2196-02-27 01:58:00,1.5,mmol/L,-6400688276878690493
-775517641933593374,2196-02-27,2196-02-27 05:45:00,1.7,mmol/L,-6400688276878690493
-775517641933593374,2196-02-27,2196-02-27 10:50:00,1.5,mmol/L,-6400688276878690493
-775517641933593374,2196-02-27,2196-02-27 16:11:00,1.4,mmol/L,-6400688276878690493
-775517641933593374,2196-02-27,2196-02-27 23:38:00,1.4,mmol/L,-6400688276878690493
-775517641933593374,2196-06-14,2196-06-14 17:16:00,1.5,mmol/L,2633461929852913788
-626229666378242477,2171-11-14,2171-11-14 08:05:00,0.9,mmol/L,-1486256937339039377
-626229666378242477,2171-11-15,2171-11-15 09:01:00,0.6,mmol/L,-1486256937339039377
-626229666378242477,2171-11-16,2171-11-16 06:07:00,0.8,mmol/L,-1486256937339039377
-626229666378242477,2171-11-16,2171-11-16 16:50:00,1.1,mmol/L,-1486256937339039377
-626229666378242477,2171-11-17,2171-11-17 17:15:00,1.4,mmol/L,-1486256937339039377
-626229666378242477,2174-06-07,2174-06-07 19:52:00,2.0,mmol/L,5735231638040571448
-626229666378242477,2175-03-21,2175-03-21 02:12:00,6.9,mmol/L,7044632187722660667
-626229666378242477,2175-03-21,2175-03-21 05:06:00,6.5,mmol/L,7044632187722660667
-626229666378242477,2175-03-21,2175-03-21 06:54:00,4.1,mmol/L,7044632187722660667
-626229666378242477,2175-03-21,2175-03-21 10:16:00,3.1,mmol/L,7044632187722660667
-626229666378242477,2175-03-21,2175-03-21 15:11:00,1.8,mmol/L,7044632187722660667
-626229666378242477,2175-03-21,2175-03-21 19:01:00,1.5,mmol/L,7044632187722660667
-626229666378242477,2175-03-22,2175-03-22 08:51:00,2.5,mmol/L,7044632187722660667
-626229666378242477,2175-03-22,2175-03-22 13:54:00,1.9,mmol/L,7044632187722660667
-626229666378242477,2175-03-23,2175-03-23 04:14:00,1.0,mmol/L,7044632187722660667
-626229666378242477,2175-03-23,2175-03-23 04:41:00,0.9,mmol/L,7044632187722660667
-626229666378242477,2175-03-23,2175-03-23 20:29:00,1.2,mmol/L,7044632187722660667
-626229666378242477,2175-03-24,2175-03-24 11:31:00,1.6,mmol/L,7044632187722660667
-626229666378242477,2175-03-25,2175-03-25 09:04:00,2.0,mmol/L,7044632187722660667
-626229666378242477,2175-03-25,2175-03-25 17:50:00,1.9,mmol/L,7044632187722660667
-626229666378242477,2175-03-27,2175-03-27 21:22:00,2.0,mmol/L,7044632187722660667
-626229666378242477,2175-03-28,2175-03-28 07:20:00,1.5,mmol/L,7044632187722660667
-626229666378242477,2175-07-06,2175-07-06 18:45:00,1.9,mmol/L,-91247851890737645
-626229666378242477,2175-07-07,2175-07-07 01:20:00,1.9,mmol/L,-91247851890737645
-626229666378242477,2175-07-07,2175-07-07 05:24:00,1.9,mmol/L,-91247851890737645
-626229666378242477,2175-07-08,2175-07-08 18:46:00,1.3,mmol/L,-91247851890737645
-626229666378242477,2175-07-09,2175-07-09 11:17:00,2.3,mmol/L,-91247851890737645
-626229666378242477,2175-07-09,2175-07-09 23:44:00,1.7,mmol/L,-91247851890737645
-626229666378242477,2175-07-11,2175-07-11 15:22:00,2.1,mmol/L,-91247851890737645
-626229666378242477,2175-07-16,2175-07-16 14:49:00,7.5,mmol/L,-91247851890737645
-458664721446908388,2120-01-30,2120-01-30 20:14:00,3.8,mmol/L,5054261998788765164
-458664721446908388,2120-01-31,2120-01-31 05:11:00,1.6,mmol/L,5054261998788765164
349862308128216812,2146-06-05,2146-06-05 22:47:00,2.7,mmol/L,-3090861038099053296
349862308128216812,2146-06-06,2146-06-06 06:13:00,1.4,mmol/L,-3090861038099053296
349862308128216812,2148-03-10,2148-03-10 07:55:00,2.0,mmol/L,12302878173334289
349862308128216812,2148-06-13,2148-06-13 09:14:00,2.0,mmol/L,-606125615971350998
349862308128216812,2149-02-11,2149-02-11 09:44:00,2.6,mmol/L,5972084102617361670
349862308128216812,2149-02-11,2149-02-11 21:30:00,1.7,mmol/L,5972084102617361670
349862308128216812,2149-06-20,2149-06-20 11:46:00,2.1,mmol/L,6069547554685280650
349862308128216812,2149-06-22,2149-06-22 05:38:00,1.4,mmol/L,6069547554685280650
349862308128216812,2149-09-13,2149-09-13 06:19:00,1.2,mmol/L,163463873742548909
349862308128216812,2149-09-13,2149-09-13 13:25:00,1.6,mmol/L,163463873742548909
349862308128216812,2149-09-14,2149-09-14 06:34:00,2.2,mmol/L,163463873742548909
349862308128216812,2149-09-14,2149-09-14 19:44:00,3.1,mmol/L,163463873742548909
349862308128216812,2149-09-15,2149-09-15 04:58:00,1.9,mmol/L,163463873742548909
349862308128216812,2149-09-20,2149-09-20 07:09:00,1.7,mmol/L,8691925186038830030
349862308128216812,2149-09-28,2149-09-28 06:53:00,3.1,mmol/L,1934172840653422246
349862308128216812,2149-09-28,2149-09-28 12:26:00,2.6,mmol/L,1934172840653422246
349862308128216812,2149-10-01,2149-10-01 02:46:00,2.9,mmol/L,1579887126852360159
349862308128216812,2149-10-01,2149-10-01 18:19:00,1.3,mmol/L,1579887126852360159
349862308128216812,2149-10-01,2149-10-01 21:50:00,1.4,mmol/L,1579887126852360159
349862308128216812,2149-10-02,2149-10-02 05:41:00,1.2,mmol/L,1579887126852360159
349862308128216812,2149-10-02,2149-10-02 11:42:00,1.2,mmol/L,1579887126852360159
349862308128216812,2149-10-03,2149-10-03 06:38:00,1.8,mmol/L,1579887126852360159
349862308128216812,2149-10-03,2149-10-03 11:26:00,1.5,mmol/L,1579887126852360159
349862308128216812,2149-10-03,2149-10-03 20:33:00,1.6,mmol/L,1579887126852360159
349862308128216812,2149-10-04,2149-10-04 02:06:00,1.5,mmol/L,1579887126852360159
421426604671948641,2147-12-30,2147-12-30 08:09:00,2.3,mmol/L,-3342990089983663400
421426604671948641,2148-01-01,2148-01-01 12:38:00,0.8,mmol/L,-3342990089983663400
421426604671948641,2148-01-01,2148-01-01 13:32:00,0.9,mmol/L,-3342990089983663400
421426604671948641,2148-01-02,2148-01-02 02:07:00,0.9,mmol/L,-3342990089983663400
421426604671948641,2148-01-04,2148-01-04 13:04:00,0.7,mmol/L,-3342990089983663400
421426604671948641,2148-01-05,2148-01-05 02:18:00,0.7,mmol/L,-3342990089983663400
421426604671948641,2148-01-26,2148-01-26 18:09:00,1.2,mmol/L,-5530573715685333271
579254014084392336,2115-10-09,2115-10-09 20:40:00,1.9,mmol/L,3671269562883047557
579254014084392336,2115-10-10,2115-10-10 04:11:00,1.0,mmol/L,3671269562883047557
579254014084392336,2115-10-14,2115-10-14 13:58:00,2.0,mmol/L,3671269562883047557
579254014084392336,2117-03-14,2117-03-14 21:26:00,1.6,mmol/L,-3332367749035126781
579254014084392336,2117-03-16,2117-03-16 02:03:00,1.5,mmol/L,-3332367749035126781
579254014084392336,2117-03-17,2117-03-17 03:00:00,1.8,mmol/L,-3332367749035126781
579254014084392336,2117-03-17,2117-03-17 03:23:00,1.3,mmol/L,-3332367749035126781
579254014084392336,2117-03-17,2117-03-17 06:48:00,1.6,mmol/L,-3332367749035126781
579254014084392336,2117-03-18,2117-03-18 06:36:00,1.3,mmol/L,-3332367749035126781
579254014084392336,2117-03-19,2117-03-19 02:11:00,1.9,mmol/L,-3332367749035126781
579254014084392336,2117-03-19,2117-03-19 05:56:00,2.2,mmol/L,-3332367749035126781
579254014084392336,2117-03-19,2117-03-19 14:48:00,1.8,mmol/L,-3332367749035126781
579254014084392336,2117-03-20,2117-03-20 02:41:00,1.5,mmol/L,-3332367749035126781
579254014084392336,2117-03-21,2117-03-21 10:45:00,2.1,mmol/L,-3332367749035126781
579254014084392336,2117-03-23,2117-03-23 05:44:00,1.8,mmol/L,-3332367749035126781
817543968614095114,2167-05-05,2167-05-05 13:46:00,1.4,mmol/L,4888187365540802405
817543968614095114,2167-05-05,2167-05-05 16:34:00,2.5,mmol/L,4888187365540802405
817543968614095114,2167-05-05,2167-05-05 17:57:00,3.3,mmol/L,4888187365540802405
817543968614095114,2167-05-05,2167-05-05 21:04:00,3.1,mmol/L,4888187365540802405
817543968614095114,2167-05-05,2167-05-05 22:17:00,3.6,mmol/L,4888187365540802405
817543968614095114,2167-05-06,2167-05-06 00:10:00,3.2,mmol/L,4888187365540802405
817543968614095114,2167-05-06,2167-05-06 02:53:00,2.7,mmol/L,4888187365540802405
817543968614095114,2167-05-06,2167-05-06 05:23:00,2.4,mmol/L,4888187365540802405
1105072502834179413,2187-02-10,2187-02-10 15:53:00,3.7,mmol/L,-7155931916977320605
1105072502834179413,2187-02-10,2187-02-10 23:37:00,1.2,mmol/L,-7155931916977320605
1105072502834179413,2187-02-13,2187-02-13 01:56:00,1.6,mmol/L,-7155931916977320605
1105072502834179413,2187-02-13,2187-02-13 04:27:00,1.4,mmol/L,-7155931916977320605
1105072502834179413,2187-02-13,2187-02-13 09:42:00,1.0,mmol/L,-7155931916977320605
1105072502834179413,2187-02-21,2187-02-21 13:58:00,1.4,mmol/L,-7155931916977320605
1105072502834179413,2187-02-22,2187-02-22 08:30:00,2.2,mmol/L,-7155931916977320605
1194579079287927665,2176-11-19,2176-11-19 14:19:00,1.4,mmol/L,8780389294002755780
1194579079287927665,2176-11-19,2176-11-19 14:57:00,1.2,mmol/L,8780389294002755780
1194579079287927665,2176-12-16,2176-12-16 20:51:00,1.4,mmol/L,-4772872574388211965
1194579079287927665,2176-12-22,2176-12-22 11:14:00,2.3,mmol/L,-4772872574388211965
1194579079287927665,2176-12-22,2176-12-22 15:14:00,2.0,mmol/L,-4772872574388211965
1194579079287927665,2177-03-24,2177-03-24 22:00:00,2.8,mmol/L,-8133950864049993872
1194579079287927665,2177-03-25,2177-03-25 15:07:00,1.5,mmol/L,-8133950864049993872
1194579079287927665,2177-03-26,2177-03-26 00:45:00,1.8,mmol/L,-8133950864049993872
1194579079287927665,2177-03-26,2177-03-26 04:09:00,3.2,mmol/L,-8133950864049993872
1194579079287927665,2177-03-26,2177-03-26 06:52:00,2.7,mmol/L,-8133950864049993872
1194579079287927665,2177-03-26,2177-03-26 09:47:00,3.0,mmol/L,-8133950864049993872
1194579079287927665,2177-03-26,2177-03-26 11:47:00,2.9,mmol/L,-8133950864049993872
1194579079287927665,2177-03-26,2177-03-26 14:39:00,2.2,mmol/L,-8133950864049993872
1194579079287927665,2177-03-26,2177-03-26 18:05:00,1.7,mmol/L,-8133950864049993872
1194579079287927665,2177-03-27,2177-03-27 00:12:00,1.7,mmol/L,-8133950864049993872
1194579079287927665,2177-03-27,2177-03-27 12:17:00,1.9,mmol/L,-8133950864049993872
1194579079287927665,2177-03-27,2177-03-27 16:35:00,1.5,mmol/L,-8133950864049993872
1194579079287927665,2177-03-27,2177-03-27 21:20:00,1.6,mmol/L,-8133950864049993872
1194579079287927665,2177-03-28,2177-03-28 02:42:00,1.4,mmol/L,-8133950864049993872
1194579079287927665,2177-03-29,2177-03-29 01:00:00,1.2,mmol/L,-8133950864049993872
1194579079287927665,2177-03-29,2177-03-29 05:14:00,1.3,mmol/L,-8133950864049993872
1258460361496302149,2137-06-19,2137-06-19 15:48:00,2.5,mmol/L,-3024984790552368623
1258460361496302149,2140-09-14,2140-09-14 15:30:00,1.8,mmol/L,-194457440333323173
1258460361496302149,2140-09-17,2140-09-17 13:58:00,1.5,mmol/L,6790200972908167295
1258460361496302149,2140-10-03,2140-10-03 07:15:00,2.6,mmol/L,-1762749113519432402
1258460361496302149,2140-10-03,2140-10-03 11:59:00,2.7,mmol/L,-1762749113519432402
1258460361496302149,2140-10-03,2140-10-03 14:32:00,1.6,mmol/L,-1762749113519432402
1258460361496302149,2140-10-03,2140-10-03 16:59:00,1.6,mmol/L,-1762749113519432402
1258460361496302149,2140-10-03,2140-10-03 19:01:00,1.5,mmol/L,-1762749113519432402
1258460361496302149,2140-10-03,2140-10-03 21:52:00,1.7,mmol/L,-1762749113519432402
1258460361496302149,2140-11-11,2140-11-11 12:27:00,1.4,mmol/L,5461817411269580047
1484542834460282651,2161-11-19,2161-11-19 07:45:00,1.7,mmol/L,2567137523204385703
1484542834460282651,2161-11-19,2161-11-19 11:16:00,1.9,mmol/L,2567137523204385703
1532249960797525190,2166-08-21,2166-08-21 22:41:00,3.2,mmol/L,-8938795529793370194
1532249960797525190,2166-08-22,2166-08-22 11:28:00,0.8,mmol/L,-8938795529793370194
1741351032930224901,2177-07-14,2177-07-14 18:39:00,4.9,mmol/L,3736965967695233281
1741351032930224901,2177-07-14,2177-07-14 21:20:00,1.7,mmol/L,3736965967695233281
1741351032930224901,2177-07-15,2177-07-15 00:40:00,1.4,mmol/L,3736965967695233281
1741351032930224901,2177-07-15,2177-07-15 04:57:00,1.3,mmol/L,3736965967695233281
1741351032930224901,2177-09-04,2177-09-04 06:51:00,1.2,mmol/L,-119040896765409868
1741351032930224901,2178-09-28,2178-09-28 20:55:00,2.0,mmol/L,3894555047667156586
1741351032930224901,2178-12-21,2178-12-21 03:38:00,2.6,mmol/L,5116289030992151955
1741351032930224901,2178-12-21,2178-12-21 16:40:00,2.0,mmol/L,5116289030992151955
1741351032930224901,2179-03-27,2179-03-27 14:41:00,1.4,mmol/L,1448527175232053560
1741351032930224901,2179-03-28,2179-03-28 09:32:00,2.7,mmol/L,1448527175232053560
1741351032930224901,2179-03-28,2179-03-28 19:10:00,1.3,mmol/L,1448527175232053560
1741351032930224901,2179-07-24,2179-07-24 19:29:00,2.1,mmol/L,-5779522865065417426
2161418207209636934,2141-05-23,2141-05-23 01:54:00,3.1,mmol/L,-9115500683315376728
2161418207209636934,2141-05-23,2141-05-23 11:28:00,4.4,mmol/L,-9115500683315376728
2161418207209636934,2141-05-23,2141-05-23 15:21:00,3.5,mmol/L,-9115500683315376728
2161418207209636934,2141-05-24,2141-05-24 00:40:00,2.4,mmol/L,-9115500683315376728
2161418207209636934,2141-05-24,2141-05-24 06:43:00,1.8,mmol/L,-9115500683315376728
2161418207209636934,2141-05-24,2141-05-24 10:10:00,1.4,mmol/L,-9115500683315376728
2161418207209636934,2141-05-24,2141-05-24 15:07:00,1.3,mmol/L,-9115500683315376728
2161418207209636934,2141-05-24,2141-05-24 21:47:00,1.8,mmol/L,-9115500683315376728
2161418207209636934,2141-05-26,2141-05-26 00:26:00,2.0,mmol/L,-9115500683315376728
2188642953583197091,2145-09-28,2145-09-28 08:34:00,0.6,mmol/L,-623955691083110642
2188642953583197091,2145-09-29,2145-09-29 06:11:00,0.7,mmol/L,-623955691083110642
2213013192725646311,2186-11-12,2186-11-12 16:37:00,2.6,mmol/L,-2124338546162640826
2213013192725646311,2186-11-12,2186-11-12 17:06:00,1.3,mmol/L,-2124338546162640826
2213013192725646311,2186-11-12,2186-11-12 18:38:00,1.5,mmol/L,-2124338546162640826
2213013192725646311,2186-11-13,2186-11-13 00:26:00,1.6,mmol/L,-2124338546162640826
2213013192725646311,2186-11-13,2186-11-13 07:43:00,2.2,mmol/L,-2124338546162640826
2213013192725646311,2186-11-13,2186-11-13 15:42:00,1.3,mmol/L,-2124338546162640826
2288881942133868955,2157-11-18,2157-11-18 21:46:00,1.0,mmol/L,-8090922379911630464
2341788304019377091,2201-10-30,2201-10-30 11:29:00,1.9,mmol/L,5208102171760059210
2341788304019377091,2201-12-11,2201-12-11 17:04:00,1.4,mmol/L,-8604718611393898100
2341788304019377091,2201-12-11,2201-12-11 21:01:00,2.0,mmol/L,-8604718611393898100
2601314283911413076,2137-10-08,2137-10-08 20:53:00,1.5,mmol/L,3689687882644440322
2601314283911413076,2137-10-09,2137-10-09 06:14:00,1.2,mmol/L,3689687882644440322
2631971469928551627,2119-10-26,2119-10-26 06:25:00,2.8,mmol/L,-3292958454000269853
2631971469928551627,2119-10-26,2119-10-26 07:22:00,2.6,mmol/L,-3292958454000269853
3129727379702505063,2196-04-14,2196-04-14 09:05:00,3.0,mmol/L,-2144817672257065933
3129727379702505063,2196-04-14,2196-04-14 11:10:00,2.1,mmol/L,-2144817672257065933
3129727379702505063,2198-04-17,2198-04-17 18:56:00,1.0,mmol/L,2732203040785518986
3192038106523208432,2136-09-22,2136-09-22 18:36:00,1.1,mmol/L,3388258315066747780
3589912774911670296,2153-09-19,2153-09-19 07:37:00,2.7,mmol/L,-4109348556298545250
3589912774911670296,2153-09-19,2153-09-19 12:41:00,3.6,mmol/L,-4109348556298545250
3589912774911670296,2153-09-19,2153-09-19 13:01:00,3.1,mmol/L,-4109348556298545250
3589912774911670296,2153-09-19,2153-09-19 18:10:00,2.5,mmol/L,-4109348556298545250
3589912774911670296,2153-09-20,2153-09-20 03:22:00,1.6,mmol/L,-4109348556298545250
3773668700451843725,2129-04-06,2129-04-06 04:44:00,0.9,mmol/L,-3226208397663893397
3773668700451843725,2129-04-07,2129-04-07 06:07:00,1.5,mmol/L,-3226208397663893397
4352191084057402257,2132-12-15,2132-12-15 07:40:00,1.0,mmol/L,8522634532667404218
4352191084057402257,2132-12-15,2132-12-15 12:57:00,2.3,mmol/L,8522634532667404218
4352191084057402257,2135-01-03,2135-01-03 22:51:00,2.3,mmol/L,-6997065935457482721
4352191084057402257,2135-01-04,2135-01-04 05:41:00,2.9,mmol/L,-6997065935457482721
4352191084057402257,2135-01-04,2135-01-04 17:10:00,2.8,mmol/L,-6997065935457482721
4352191084057402257,2135-01-05,2135-01-05 03:21:00,2.6,mmol/L,-6997065935457482721
4352191084057402257,2135-01-05,2135-01-05 19:28:00,2.1,mmol/L,-6997065935457482721
4352191084057402257,2135-01-06,2135-01-06 06:29:00,2.4,mmol/L,-6997065935457482721
4352191084057402257,2135-01-06,2135-01-06 12:30:00,2.3,mmol/L,-6997065935457482721
4352191084057402257,2135-01-06,2135-01-06 18:19:00,2.4,mmol/L,-6997065935457482721
4352191084057402257,2135-01-09,2135-01-09 06:27:00,2.0,mmol/L,-6997065935457482721
4352191084057402257,2135-01-13,2135-01-13 07:50:00,1.9,mmol/L,-6997065935457482721
4352191084057402257,2135-01-14,2135-01-14 03:25:00,1.6,mmol/L,-6997065935457482721
4352191084057402257,2135-01-14,2135-01-14 06:05:00,1.5,mmol/L,-6997065935457482721
4352191084057402257,2135-01-14,2135-01-14 17:35:00,1.5,mmol/L,-6997065935457482721
4352191084057402257,2135-01-15,2135-01-15 02:03:00,1.8,mmol/L,-6997065935457482721
4352191084057402257,2135-01-15,2135-01-15 06:42:00,1.6,mmol/L,-6997065935457482721
4352191084057402257,2135-01-15,2135-01-15 14:46:00,2.3,mmol/L,-6997065935457482721
4352191084057402257,2135-01-16,2135-01-16 00:14:00,1.8,mmol/L,-6997065935457482721
4352191084057402257,2135-01-16,2135-01-16 06:25:00,1.9,mmol/L,-6997065935457482721
4352191084057402257,2135-01-16,2135-01-16 09:07:00,1.8,mmol/L,-6997065935457482721
4352191084057402257,2135-01-16,2135-01-16 17:55:00,2.0,mmol/L,-6997065935457482721
4352191084057402257,2135-01-17,2135-01-17 06:08:00,1.8,mmol/L,-6997065935457482721
4352191084057402257,2135-01-19,2135-01-19 12:50:00,1.4,mmol/L,-6997065935457482721
4498126063475867818,2156-04-12,2156-04-12 10:29:00,2.2,mmol/L,5923660345485118872
4498126063475867818,2156-04-12,2156-04-12 12:24:00,2.0,mmol/L,5923660345485118872
4498126063475867818,2156-04-12,2156-04-12 19:49:00,1.6,mmol/L,5923660345485118872
4498126063475867818,2156-04-13,2156-04-13 01:58:00,1.5,mmol/L,5923660345485118872
4498126063475867818,2156-04-13,2156-04-13 06:23:00,1.8,mmol/L,5923660345485118872
4498126063475867818,2156-04-13,2156-04-13 14:02:00,2.4,mmol/L,5923660345485118872
4498126063475867818,2156-04-13,2156-04-13 20:06:00,1.2,mmol/L,5923660345485118872
4498126063475867818,2156-04-14,2156-04-14 05:00:00,2.4,mmol/L,5923660345485118872
4498126063475867818,2156-04-14,2156-04-14 13:07:00,3.1,mmol/L,5923660345485118872
4498126063475867818,2156-04-15,2156-04-15 04:39:00,1.9,mmol/L,5923660345485118872
4498126063475867818,2156-04-16,2156-04-16 12:35:00,2.4,mmol/L,5923660345485118872
4498126063475867818,2156-04-16,2156-04-16 17:02:00,2.1,mmol/L,5923660345485118872
4498126063475867818,2156-04-17,2156-04-17 09:37:00,1.8,mmol/L,5923660345485118872
4498126063475867818,2156-04-19,2156-04-19 15:44:00,2.3,mmol/L,5923660345485118872
4498126063475867818,2156-04-19,2156-04-19 19:41:00,1.7,mmol/L,5923660345485118872
4498126063475867818,2156-04-20,2156-04-20 00:46:00,2.0,mmol/L,5923660345485118872
4498126063475867818,2156-04-20,2156-04-20 03:42:00,2.0,mmol/L,5923660345485118872
4498126063475867818,2156-04-20,2156-04-20 06:24:00,1.9,mmol/L,5923660345485118872
4498126063475867818,2156-04-20,2156-04-20 12:16:00,2.0,mmol/L,5923660345485118872
4498126063475867818,2156-04-21,2156-04-21 02:20:00,1.6,mmol/L,5923660345485118872
4498126063475867818,2156-04-21,2156-04-21 16:48:00,1.4,mmol/L,5923660345485118872
4498126063475867818,2156-04-22,2156-04-22 00:45:00,1.3,mmol/L,5923660345485118872
4498126063475867818,2156-04-22,2156-04-22 10:31:00,1.3,mmol/L,5923660345485118872
4498126063475867818,2156-04-23,2156-04-23 03:47:00,1.4,mmol/L,5923660345485118872
4498126063475867818,2156-04-30,2156-04-30 19:16:00,1.5,mmol/L,-9026896896997717305
4498126063475867818,2156-04-30,2156-04-30 23:05:00,0.8,mmol/L,-9026896896997717305
4498126063475867818,2156-05-01,2156-05-01 18:14:00,0.9,mmol/L,-9026896896997717305
4498126063475867818,2156-05-11,2156-05-11 11:44:00,0.9,mmol/L,6557338641781338493
4498126063475867818,2156-05-11,2156-05-11 17:26:00,1.5,mmol/L,6557338641781338493
4498126063475867818,2156-05-12,2156-05-12 00:11:00,0.7,mmol/L,6557338641781338493
4498126063475867818,2156-05-12,2156-05-12 18:11:00,0.8,mmol/L,6557338641781338493
4498126063475867818,2156-05-13,2156-05-13 04:31:00,0.5,mmol/L,6557338641781338493
4498126063475867818,2156-05-20,2156-05-20 10:24:00,0.9,mmol/L,6557338641781338493
4498126063475867818,2160-04-14,2160-04-14 10:43:00,1.0,mmol/L,3501796706000970163
4668337230155062633,2116-12-03,2116-12-03 05:10:00,4.4,mmol/L,2572864492537913938
4668337230155062633,2116-12-03,2116-12-03 12:24:00,3.8,mmol/L,2572864492537913938
4668337230155062633,2116-12-03,2116-12-03 18:53:00,3.6,mmol/L,2572864492537913938
4668337230155062633,2116-12-03,2116-12-03 20:26:00,3.1,mmol/L,2572864492537913938
4668337230155062633,2116-12-03,2116-12-03 21:38:00,3.2,mmol/L,2572864492537913938
4668337230155062633,2116-12-04,2116-12-04 00:25:00,3.1,mmol/L,2572864492537913938
4668337230155062633,2116-12-04,2116-12-04 02:04:00,2.7,mmol/L,2572864492537913938
4668337230155062633,2116-12-04,2116-12-04 03:24:00,2.8,mmol/L,2572864492537913938
4668337230155062633,2116-12-04,2116-12-04 05:33:00,2.9,mmol/L,2572864492537913938
4668337230155062633,2116-12-04,2116-12-04 11:38:00,3.2,mmol/L,2572864492537913938
4668337230155062633,2116-12-04,2116-12-04 18:42:00,3.4,mmol/L,2572864492537913938
4668337230155062633,2116-12-04,2116-12-04 22:21:00,3.1,mmol/L,2572864492537913938
4668337230155062633,2116-12-05,2116-12-05 02:18:00,2.7,mmol/L,2572864492537913938
4668337230155062633,2116-12-05,2116-12-05 08:23:00,2.4,mmol/L,2572864492537913938
4668337230155062633,2116-12-05,2116-12-05 14:21:00,1.8,mmol/L,2572864492537913938
4668337230155062633,2116-12-05,2116-12-05 18:39:00,1.7,mmol/L,2572864492537913938
4668337230155062633,2116-12-06,2116-12-06 05:22:00,1.3,mmol/L,2572864492537913938
4668337230155062633,2116-12-06,2116-12-06 15:29:00,2.1,mmol/L,2572864492537913938
4668337230155062633,2116-12-06,2116-12-06 22:28:00,1.6,mmol/L,2572864492537913938
4668337230155062633,2116-12-07,2116-12-07 04:28:00,1.6,mmol/L,2572864492537913938
4668337230155062633,2116-12-10,2116-12-10 02:04:00,3.0,mmol/L,2572864492537913938
4668337230155062633,2116-12-13,2116-12-13 03:17:00,1.4,mmol/L,2572864492537913938
4668337230155062633,2116-12-14,2116-12-14 02:30:00,1.8,mmol/L,2572864492537913938
4668337230155062633,2116-12-16,2116-12-16 03:53:00,1.2,mmol/L,2572864492537913938
4668337230155062633,2117-01-27,2117-01-27 19:30:00,1.1,mmol/L,-1176902386413559193
4668337230155062633,2117-10-25,2117-10-25 16:04:00,1.0,mmol/L,-787391704233782679
4783904755296699562,2115-11-08,2115-11-08 13:06:00,2.9,mmol/L,-1560405836857203778
4783904755296699562,2115-11-08,2115-11-08 19:37:00,1.8,mmol/L,-1560405836857203778
4783904755296699562,2115-11-10,2115-11-10 07:26:00,2.4,mmol/L,-1560405836857203778
4783904755296699562,2116-02-27,2116-02-27 16:35:00,1.6,mmol/L,-4509278408321119949
4783904755296699562,2116-02-29,2116-02-29 03:43:00,1.7,mmol/L,-4509278408321119949
4783904755296699562,2116-02-29,2116-02-29 13:25:00,2.8,mmol/L,-4509278408321119949
4783904755296699562,2116-02-29,2116-02-29 22:27:00,1.6,mmol/L,-4509278408321119949
4783904755296699562,2116-03-01,2116-03-01 02:25:00,1.8,mmol/L,-4509278408321119949
4783904755296699562,2116-03-02,2116-03-02 06:22:00,1.3,mmol/L,-4509278408321119949
4783904755296699562,2116-03-02,2116-03-02 13:50:00,1.4,mmol/L,-4509278408321119949
4783904755296699562,2116-03-02,2116-03-02 21:08:00,1.4,mmol/L,-4509278408321119949
4783904755296699562,2116-03-03,2116-03-03 04:01:00,1.4,mmol/L,-4509278408321119949
4783904755296699562,2116-03-03,2116-03-03 06:17:00,1.4,mmol/L,-4509278408321119949
4783904755296699562,2116-03-03,2116-03-03 12:17:00,1.0,mmol/L,-4509278408321119949
4783904755296699562,2116-03-04,2116-03-04 03:13:00,1.5,mmol/L,-4509278408321119949
4783904755296699562,2116-03-04,2116-03-04 20:20:00,1.0,mmol/L,-4509278408321119949
4783904755296699562,2116-03-05,2116-03-05 02:29:00,1.2,mmol/L,-4509278408321119949
4783904755296699562,2116-03-06,2116-03-06 08:40:00,1.5,mmol/L,-4509278408321119949
4783904755296699562,2116-03-07,2116-03-07 07:57:00,0.8,mmol/L,-4509278408321119949
4783904755296699562,2116-03-08,2116-03-08 23:18:00,1.2,mmol/L,-4509278408321119949
4783904755296699562,2116-03-09,2116-03-09 05:43:00,1.2,mmol/L,-4509278408321119949
5863607150722936210,2140-01-23,2140-01-23 13:43:00,2.1,mmol/L,5900284026730792000
5863607150722936210,2140-01-23,2140-01-23 14:44:00,1.5,mmol/L,5900284026730792000
5863607150722936210,2140-01-23,2140-01-23 19:48:00,3.4,mmol/L,5900284026730792000
5863607150722936210,2140-01-24,2140-01-24 00:10:00,3.9,mmol/L,5900284026730792000
5863607150722936210,2140-01-24,2140-01-24 00:49:00,3.6,mmol/L,5900284026730792000
5863607150722936210,2140-01-24,2140-01-24 03:04:00,3.3,mmol/L,5900284026730792000
5863607150722936210,2140-01-24,2140-01-24 06:04:00,3.4,mmol/L,5900284026730792000
5863607150722936210,2140-01-24,2140-01-24 12:15:00,6.7,mmol/L,5900284026730792000
5863607150722936210,2140-01-24,2140-01-24 17:30:00,7.2,mmol/L,5900284026730792000
5863607150722936210,2140-01-24,2140-01-24 21:55:00,5.8,mmol/L,5900284026730792000
5863607150722936210,2140-01-25,2140-01-25 01:49:00,4.9,mmol/L,5900284026730792000
5863607150722936210,2140-01-25,2140-01-25 11:40:00,4.9,mmol/L,5900284026730792000
5863607150722936210,2140-01-25,2140-01-25 15:49:00,4.6,mmol/L,5900284026730792000
5863607150722936210,2140-01-26,2140-01-26 00:18:00,3.1,mmol/L,5900284026730792000
5863607150722936210,2140-01-26,2140-01-26 18:45:00,2.4,mmol/L,5900284026730792000
5863607150722936210,2140-01-27,2140-01-27 00:18:00,3.4,mmol/L,5900284026730792000
5863607150722936210,2140-01-27,2140-01-27 09:49:00,3.4,mmol/L,5900284026730792000
5863607150722936210,2140-01-27,2140-01-27 11:35:00,3.4,mmol/L,5900284026730792000
5863607150722936210,2140-01-27,2140-01-27 23:18:00,2.7,mmol/L,5900284026730792000
5863607150722936210,2140-01-28,2140-01-28 03:59:00,2.6,mmol/L,5900284026730792000
5863607150722936210,2140-01-28,2140-01-28 20:12:00,3.3,mmol/L,5900284026730792000
5863607150722936210,2140-01-29,2140-01-29 01:49:00,2.4,mmol/L,5900284026730792000
5863607150722936210,2140-01-30,2140-01-30 14:58:00,2.4,mmol/L,5900284026730792000
5863607150722936210,2140-01-31,2140-01-31 03:54:00,2.5,mmol/L,5900284026730792000
5863607150722936210,2140-01-31,2140-01-31 21:50:00,1.8,mmol/L,5900284026730792000
5863607150722936210,2140-02-01,2140-02-01 03:44:00,1.3,mmol/L,5900284026730792000
5863607150722936210,2140-02-01,2140-02-01 14:58:00,1.8,mmol/L,5900284026730792000
5863607150722936210,2140-02-02,2140-02-02 18:27:00,1.7,mmol/L,5900284026730792000
5863607150722936210,2140-02-04,2140-02-04 04:22:00,1.5,mmol/L,5900284026730792000
5863607150722936210,2140-02-04,2140-02-04 10:38:00,1.7,mmol/L,5900284026730792000
5863607150722936210,2140-02-04,2140-02-04 20:19:00,1.1,mmol/L,5900284026730792000
5863607150722936210,2140-02-05,2140-02-05 05:18:00,1.0,mmol/L,5900284026730792000
5863607150722936210,2140-02-07,2140-02-07 12:05:00,1.2,mmol/L,5900284026730792000
5863607150722936210,2140-06-17,2140-06-17 22:08:00,4.4,mmol/L,3677220625469840660
5863607150722936210,2140-06-18,2140-06-18 02:33:00,1.3,mmol/L,3677220625469840660
5863607150722936210,2140-09-24,2140-09-24 21:53:00,3.0,mmol/L,4598145646049736827
5863607150722936210,2140-09-25,2140-09-25 01:03:00,2.6,mmol/L,4598145646049736827
5863607150722936210,2140-09-26,2140-09-26 07:46:00,3.8,mmol/L,4598145646049736827
5863607150722936210,2142-03-26,2142-03-26 00:53:00,3.7,mmol/L,6375954331714256288
5863607150722936210,2142-03-26,2142-03-26 11:46:00,1.8,mmol/L,6375954331714256288
5863607150722936210,2142-03-27,2142-03-27 16:20:00,1.5,mmol/L,6375954331714256288
5863607150722936210,2142-03-28,2142-03-28 13:51:00,1.4,mmol/L,6375954331714256288
5863607150722936210,2143-09-19,2143-09-19 16:14:00,1.8,mmol/L,-3053881256336149434
5863607150722936210,2143-09-26,2143-09-26 11:34:00,1.8,mmol/L,-8316985350864319165
5863607150722936210,2143-09-26,2143-09-26 23:36:00,2.5,mmol/L,-8316985350864319165
5863607150722936210,2143-09-27,2143-09-27 22:21:00,1.4,mmol/L,-8316985350864319165
5863607150722936210,2144-01-18,2144-01-18 13:27:00,1.5,mmol/L,8721227962612849102
5894416985828315484,2118-11-16,2118-11-16 07:50:00,1.0,mmol/L,5856429363834385218
5894416985828315484,2118-11-16,2118-11-16 10:41:00,2.6,mmol/L,5856429363834385218
5894416985828315484,2118-11-16,2118-11-16 14:22:00,2.6,mmol/L,5856429363834385218
5894416985828315484,2118-11-16,2118-11-16 15:42:00,2.2,mmol/L,5856429363834385218
5894416985828315484,2118-11-16,2118-11-16 16:42:00,2.0,mmol/L,5856429363834385218
5894416985828315484,2118-11-16,2118-11-16 18:10:00,2.5,mmol/L,5856429363834385218
5894416985828315484,2118-11-16,2118-11-16 21:15:00,2.1,mmol/L,5856429363834385218
6128703162302148003,2178-07-06,2178-07-06 12:22:00,1.1,mmol/L,4292168687565077570
6128703162302148003,2178-07-13,2178-07-13 05:04:00,1.1,mmol/L,6576984020869818325
6128703162302148003,2178-07-22,2178-07-22 06:09:00,1.9,mmol/L,5538617222786573932
6128703162302148003,2178-07-22,2178-07-22 09:28:00,1.5,mmol/L,5538617222786573932
6128703162302148003,2178-07-24,2178-07-24 05:08:00,0.8,mmol/L,5538617222786573932
6339505631013617478,2111-11-13,2111-11-13 23:55:00,11.9,mmol/L,-6354047184485090226
6339505631013617478,2111-11-14,2111-11-14 02:03:00,11.4,mmol/L,-6354047184485090226
6339505631013617478,2111-11-14,2111-11-14 02:45:00,12.0,mmol/L,-6354047184485090226
6339505631013617478,2111-11-14,2111-11-14 03:58:00,11.8,mmol/L,-6354047184485090226
6339505631013617478,2111-11-14,2111-11-14 05:00:00,11.6,mmol/L,-6354047184485090226
6339505631013617478,2111-11-14,2111-11-14 06:14:00,11.6,mmol/L,-6354047184485090226
6339505631013617478,2111-11-14,2111-11-14 17:25:00,8.9,mmol/L,-6354047184485090226
6339505631013617478,2111-11-15,2111-11-15 03:09:00,0.9,mmol/L,-6354047184485090226
6339505631013617478,2111-11-15,2111-11-15 12:13:00,9.2,mmol/L,-6354047184485090226
6543064765547201849,2161-04-27,2161-04-27 07:46:00,1.0,mmol/L,-2700640748854182427
6543064765547201849,2161-04-27,2161-04-27 10:40:00,2.1,mmol/L,-2700640748854182427
7131048714591189903,2186-09-15,2186-09-15 20:26:00,1.1,mmol/L,-4713285065284825777
7131048714591189903,2186-09-16,2186-09-16 04:14:00,0.7,mmol/L,-4713285065284825777
7131048714591189903,2187-09-15,2187-09-15 15:50:00,1.0,mmol/L,5488136992139718126
7131048714591189903,2187-12-14,2187-12-14 14:10:00,2.4,mmol/L,236225006627167251
7131048714591189903,2188-08-05,2188-08-05 21:00:00,1.4,mmol/L,-4925581881109248207
7131048714591189903,2189-05-22,2189-05-22 23:40:00,2.4,mmol/L,1832418602869683763
7131048714591189903,2189-05-23,2189-05-23 09:40:00,1.2,mmol/L,1832418602869683763
7131048714591189903,2191-01-15,2191-01-15 02:45:00,1.0,mmol/L,-8538411969252722801
7131048714591189903,2191-01-15,2191-01-15 11:47:00,1.6,mmol/L,-8538411969252722801
7131048714591189903,2192-05-11,2192-05-11 16:50:00,1.1,mmol/L,-6541306686887270361
7131048714591189903,2192-05-12,2192-05-12 07:49:00,0.8,mmol/L,-6541306686887270361
7131048714591189903,2192-05-12,2192-05-12 16:33:00,0.9,mmol/L,-6541306686887270361
7131048714591189903,2192-07-31,2192-07-31 12:52:00,1.1,mmol/L,5177914386932196634
7131048714591189903,2192-10-06,2192-10-06 16:30:00,1.2,mmol/L,6296388850214321380
7131048714591189903,2193-11-23,2193-11-23 13:56:00,1.1,mmol/L,-4711502376740621722
7155255168997124770,2146-11-08,2146-11-08 23:53:00,1.5,mmol/L,-1978873609044700747
7155255168997124770,2147-11-14,2147-11-14 19:00:00,1.8,mmol/L,-7691509273377070213
7155255168997124770,2147-11-25,2147-11-25 20:37:00,1.2,mmol/L,-6520298854132768712
7155255168997124770,2148-05-10,2148-05-10 21:44:00,1.1,mmol/L,-4688315680395288581
7155255168997124770,2148-06-29,2148-06-29 21:30:00,2.2,mmol/L,-2408772910912676912
7155255168997124770,2148-06-29,2148-06-29 22:53:00,2.0,mmol/L,-2408772910912676912
7155255168997124770,2148-07-09,2148-07-09 14:56:00,1.9,mmol/L,-2408772910912676912
7155255168997124770,2148-07-17,2148-07-17 23:11:00,1.5,mmol/L,6514068677950131584
7155255168997124770,2148-08-14,2148-08-14 19:50:00,1.8,mmol/L,-1344258490587062904
7155255168997124770,2148-08-16,2148-08-16 08:30:00,1.9,mmol/L,-1344258490587062904
7155255168997124770,2148-08-16,2148-08-16 12:56:00,1.3,mmol/L,-1344258490587062904
7155255168997124770,2150-02-04,2150-02-04 15:23:00,1.6,mmol/L,-5449406061600179386
7155255168997124770,2150-04-10,2150-04-10 02:49:00,2.0,mmol/L,-452464005274308220
7155255168997124770,2150-04-10,2150-04-10 11:37:00,2.2,mmol/L,-452464005274308220
7155255168997124770,2150-04-10,2150-04-10 18:16:00,1.8,mmol/L,-452464005274308220
7155255168997124770,2150-04-30,2150-04-30 17:43:00,2.8,mmol/L,-313418355358368593
7155255168997124770,2150-04-30,2150-04-30 20:48:00,1.1,mmol/L,-313418355358368593
7155255168997124770,2150-05-03,2150-05-03 12:14:00,0.9,mmol/L,-313418355358368593
7155255168997124770,2150-05-09,2150-05-09 03:04:00,2.5,mmol/L,3434276222378597700
7155255168997124770,2150-05-09,2150-05-09 07:49:00,1.6,mmol/L,3434276222378597700
7262671035615120930,2142-07-30,2142-07-30 23:54:00,2.3,mmol/L,8172705354453058634
7262671035615120930,2142-07-31,2142-07-31 00:55:00,1.8,mmol/L,8172705354453058634
7262671035615120930,2142-07-31,2142-07-31 03:21:00,2.3,mmol/L,8172705354453058634
7262671035615120930,2142-07-31,2142-07-31 11:01:00,3.7,mmol/L,8172705354453058634
7262671035615120930,2142-07-31,2142-07-31 12:26:00,2.5,mmol/L,8172705354453058634
7262671035615120930,2142-07-31,2142-07-31 14:30:00,2.0,mmol/L,8172705354453058634
7262671035615120930,2142-07-31,2142-07-31 18:20:00,1.6,mmol/L,8172705354453058634
7262671035615120930,2142-08-01,2142-08-01 04:17:00,0.9,mmol/L,8172705354453058634
7427037643503998178,2175-04-05,2175-04-05 06:45:00,2.2,mmol/L,6138640220240671566
7427037643503998178,2176-06-06,2176-06-06 16:08:00,1.4,mmol/L,-7617264515003284651
7427037643503998178,2176-11-25,2176-11-25 20:56:00,1.0,mmol/L,9057564303560975512
7427037643503998178,2176-11-26,2176-11-26 01:52:00,0.7,mmol/L,9057564303560975512
7427037643503998178,2176-11-26,2176-11-26 04:24:00,0.8,mmol/L,9057564303560975512
7427037643503998178,2176-11-27,2176-11-27 12:42:00,0.8,mmol/L,9057564303560975512
7427037643503998178,2176-11-28,2176-11-28 05:57:00,1.3,mmol/L,9057564303560975512
7427037643503998178,2177-07-11,2177-07-11 02:58:00,1.6,mmol/L,6431438649822170237
7489836918826771862,2174-12-04,2174-12-04 13:20:00,0.8,mmol/L,-1734420141487717799
7489836918826771862,2174-12-04,2174-12-04 17:07:00,0.7,mmol/L,-1734420141487717799
7489836918826771862,2174-12-05,2174-12-05 22:08:00,0.8,mmol/L,-1734420141487717799
7633320537823105326,2180-02-21,2180-02-21 08:02:00,1.5,mmol/L,599695011414164972
7633320537823105326,2180-02-21,2180-02-21 10:15:00,2.7,mmol/L,599695011414164972
7708191038975000369,2140-03-25,2140-03-25 13:14:00,0.9,mmol/L,4027539223316808000
7708191038975000369,2140-03-25,2140-03-25 16:22:00,1.7,mmol/L,4027539223316808000
7918537411740862407,2133-05-04,2133-05-04 22:50:00,2.1,mmol/L,1798935802963522191
7918537411740862407,2135-01-15,2135-01-15 18:05:00,1.5,mmol/L,6613118138680868158
7918537411740862407,2135-01-17,2135-01-17 13:55:00,2.0,mmol/L,6613118138680868158
7918537411740862407,2135-01-19,2135-01-19 13:46:00,1.5,mmol/L,6613118138680868158
7918537411740862407,2135-01-21,2135-01-21 16:34:00,6.5,mmol/L,6613118138680868158
7918537411740862407,2135-01-21,2135-01-21 18:05:00,3.4,mmol/L,6613118138680868158
7918537411740862407,2135-01-21,2135-01-21 21:39:00,2.2,mmol/L,6613118138680868158
7918537411740862407,2135-01-22,2135-01-22 02:41:00,1.9,mmol/L,6613118138680868158
7918537411740862407,2135-01-22,2135-01-22 08:50:00,1.7,mmol/L,6613118138680868158
7918537411740862407,2135-01-22,2135-01-22 14:51:00,1.9,mmol/L,6613118138680868158
7918537411740862407,2135-01-23,2135-01-23 01:40:00,1.8,mmol/L,6613118138680868158
7918537411740862407,2135-01-23,2135-01-23 01:48:00,1.6,mmol/L,6613118138680868158
7918537411740862407,2135-01-23,2135-01-23 10:19:00,1.7,mmol/L,6613118138680868158
7918537411740862407,2135-01-23,2135-01-23 12:42:00,2.0,mmol/L,6613118138680868158
7918537411740862407,2135-01-31,2135-01-31 19:14:00,0.9,mmol/L,6613118138680868158
8009761406928052418,2189-09-10,2189-09-10 07:33:00,1.6,mmol/L,5815945260189282379
8009761406928052418,2189-09-10,2189-09-10 10:31:00,1.2,mmol/L,5815945260189282379
8009761406928052418,2189-09-10,2189-09-10 11:20:00,3.0,mmol/L,5815945260189282379
8009761406928052418,2189-09-10,2189-09-10 20:55:00,0.8,mmol/L,5815945260189282379
8090044958540695372,2145-07-03,2145-07-03 21:12:00,1.2,mmol/L,8401354403084062823
8090044958540695372,2147-11-09,2147-11-09 04:59:00,1.8,mmol/L,1140470204311488680
8090044958540695372,2147-12-04,2147-12-04 15:30:00,2.4,mmol/L,2110807621500504683
8090044958540695372,2148-01-22,2148-01-22 16:10:00,1.4,mmol/L,2976307797036948160
8090044958540695372,2148-01-24,2148-01-24 05:30:00,2.7,mmol/L,2976307797036948160
8090044958540695372,2148-01-24,2148-01-24 12:36:00,2.5,mmol/L,2976307797036948160
8090044958540695372,2148-01-24,2148-01-24 16:45:00,2.3,mmol/L,2976307797036948160
8090044958540695372,2148-01-24,2148-01-24 21:55:00,1.6,mmol/L,2976307797036948160
8090044958540695372,2148-01-25,2148-01-25 02:51:00,1.7,mmol/L,2976307797036948160
8090044958540695372,2148-01-25,2148-01-25 14:25:00,1.6,mmol/L,2976307797036948160
8480470964666031560,2125-09-25,2125-09-25 10:25:00,1.7,mmol/L,4706395364776224406
8480470964666031560,2125-09-25,2125-09-25 12:12:00,2.2,mmol/L,4706395364776224406
8480470964666031560,2125-09-27,2125-09-27 00:59:00,6.5,mmol/L,4706395364776224406
8480470964666031560,2125-09-27,2125-09-27 03:11:00,6.1,mmol/L,4706395364776224406
8480470964666031560,2125-09-27,2125-09-27 06:03:00,3.0,mmol/L,4706395364776224406
8480470964666031560,2125-09-27,2125-09-27 12:24:00,2.6,mmol/L,4706395364776224406
8527170356523164323,2180-06-26,2180-06-26 16:39:00,1.7,mmol/L,-7343595538754563094
8527170356523164323,2180-07-23,2180-07-23 06:48:00,1.6,mmol/L,3284005162766861611
8527170356523164323,2180-08-05,2180-08-05 21:27:00,2.1,mmol/L,8361336161605650022
8805478484003283429,2114-06-20,2114-06-20 07:41:00,0.8,mmol/L,4821424463988433938
8805478484003283429,2114-06-20,2114-06-20 09:59:00,1.6,mmol/L,4821424463988433938