person_id,gender_source_value,year_of_birth,race_source_value,ethnicity_source_value
-9066461348710750663,M,2125,UNKNOWN,
-8993675534959689080,M,2116,WHITE,
-8970844422700220177,M,2114,WHITE,
-8928428202649726867,F,2119,UNKNOWN,
-8891617624507360381,F,2067,BLACK/AFRICAN AMERICAN,
-8769042030325953499,M,2138,OTHER,
-8659404739579738033,F,2066,WHITE,
-8492299714241840941,M,2043,WHITE,
-8352232581952957278,F,2059,WHITE,
-8254164865273971123,M,2094,WHITE,
-8205283012979532608,F,2103,WHITE,
-8090189584974691216,M,2118,WHITE,
-7938198040010520706,F,2070,WHITE,
-7671795861352464589,F,2052,UNKNOWN,
-7636167699948083600,F,2105,BLACK/AFRICAN AMERICAN,
-7437341330444582833,F,2058,UNKNOWN,
-7391666713304457659,F,2084,WHITE,
-6681895148320589913,M,2059,UNKNOWN,
-6525152599927900344,M,2052,WHITE,
-6289874722419061830,F,2104,WHITE,
-6225647829918357531,F,2083,WHITE,
-6022656226246460545,F,2104,WHITE,
-5829006308524050971,M,2086,WHITE,
-5342370696241135313,M,2033,WHITE,
-4873075614181207858,M,2075,WHITE,
-4502092208250381979,F,2071,WHITE,
-4353160957725823366,M,2077,WHITE,
-4234372750442829205,M,2090,WHITE,
-4183220989401122518,F,2031,WHITE,
-3908355835367628651,F,2062,BLACK/AFRICAN AMERICAN,
-3780452582396805474,F,2058,UNABLE TO OBTAIN,
-3611589607736625713,M,2123,OTHER,
-3420195391796315831,M,2115,UNKNOWN,
-3210373572193940939,M,2079,,HISPANIC/LATINO
-3024822967781525875,M,2050,WHITE,
-2575767131279873665,M,2050,BLACK/AFRICAN AMERICAN,
-2500070523286875699,M,2134,WHITE,
-2312013739856114142,M,2030,OTHER,
-2286362762396278035,F,2073,WHITE,
-2067961723109232727,F,2106,,HISPANIC/LATINO
-1616052813658226820,F,2074,,HISPANIC/LATINO
-1210657672714831684,M,2054,WHITE,
-1115201667562228350,F,2062,WHITE,
-1095016967997700156,M,2041,OTHER,
-775517641933593374,M,2149,BLACK/AFRICAN AMERICAN,
-626229666378242477,M,2117,WHITE,
-458664721446908388,F,2061,WHITE,
225226226646982867,M,2058,WHITE,
349862308128216812,M,2089,OTHER,
421426604671948641,F,2119,WHITE,
579254014084392336,M,2038,UNKNOWN,
817543968614095114,M,2125,WHITE,
1105072502834179413,M,2136,WHITE,
1194579079287927665,M,2089,WHITE,
1258460361496302149,F,2108,WHITE,
1484542834460282651,M,2099,WHITE,
1532249960797525190,F,2106,UNABLE TO OBTAIN,
1740609625029317924,M,2093,WHITE,
1741351032930224901,F,2097,,HISPANIC/LATINO
2161418207209636934,M,2060,UNKNOWN,
2188642953583197091,F,2102,WHITE,
2213013192725646311,M,2122,WHITE,
2288881942133868955,F,2102,WHITE,
2341788304019377091,F,2130,WHITE,
2601314283911413076,M,2070,WHITE,
2631971469928551627,M,2085,WHITE,
3129727379702505063,F,2145,BLACK/AFRICAN AMERICAN,
3192038106523208432,F,2083,WHITE,
3589912774911670296,M,2095,,HISPANIC/LATINO
3665089643642765251,M,2085,WHITE,
3773668700451843725,F,2070,WHITE,
3912882389848878631,M,2084,WHITE,
4087485459037740014,M,2096,WHITE,
4239478333578644568,M,2111,WHITE,
4352191084057402257,M,2066,WHITE,
4498126063475867818,F,2075,WHITE,
4668337230155062633,M,2073,WHITE,
4783904755296699562,M,2049,UNKNOWN,
4985579811051920670,F,2064,WHITE,
5548892236933978704,M,2073,WHITE,
5734523979606454056,F,2069,UNKNOWN,
5863607150722936210,F,2092,BLACK/AFRICAN AMERICAN,
5894416985828315484,F,2055,UNABLE TO OBTAIN,
6128703162302148003,F,2120,BLACK/AFRICAN AMERICAN,
6339505631013617478,M,2059,UNKNOWN,
6543064765547201849,M,2133,WHITE,
7131048714591189903,M,2133,WHITE,
7155255168997124770,M,2086,WHITE,
7262671035615120930,F,2094,WHITE,
7427037643503998178,F,2084,BLACK/AFRICAN AMERICAN,
7489836918826771862,M,2123,UNKNOWN,
7633320537823105326,M,2136,WHITE,
7708191038975000369,M,2062,UNKNOWN,
7918537411740862407,F,2055,BLACK/AFRICAN AMERICAN,
8009761406928052418,M,2130,WHITE,
8090044958540695372,F,2079,WHITE,
8480470964666031560,M,2043,WHITE,
8527170356523164323,F,2128,WHITE,
8692405834444096922,M,2119,WHITE,
8805478484003283429,M,2062,WHITE,