person_id,sex,year_of_birth,first_visit,died
-9066461348710750663,M,2125,2185-01-17,1
-8993675534959689080,M,2116,2181-09-02,0
-8970844422700220177,M,2114,2148-09-10,0
-8928428202649726867,F,2119,2185-06-15,0
-8891617624507360381,F,2067,2134-07-15,0
-8769042030325953499,M,2138,2182-01-07,0
-8659404739579738033,F,2066,2155-05-08,1
-8492299714241840941,M,2043,2113-08-19,0
-8352232581952957278,F,2059,2137-06-12,0
-8254164865273971123,M,2094,2150-03-11,0
-8205283012979532608,F,2103,2189-06-09,0
-8090189584974691216,M,2118,2174-05-26,0
-7938198040010520706,F,2070,2137-09-15,0
-7671795861352464589,F,2052,2115-09-27,1
-7636167699948083600,F,2105,2143-02-10,0
-7437341330444582833,F,2058,2113-08-16,0
-7391666713304457659,F,2084,2110-11-30,0
-6681895148320589913,M,2059,2131-02-27,0
-6525152599927900344,M,2052,2124-03-06,0
-6289874722419061830,F,2104,2144-10-28,0
-6225647829918357531,F,2083,2148-11-24,0
-6022656226246460545,F,2104,2125-02-22,0
-5829006308524050971,M,2086,2131-05-22,0
-5342370696241135313,M,2033,2111-01-15,0
-4873075614181207858,M,2075,2124-03-06,0
-4502092208250381979,F,2071,2154-02-05,0
-4353160957725823366,M,2077,2146-05-11,1
-4234372750442829205,M,2090,2153-12-30,0
-4183220989401122518,F,2031,2113-08-04,0
-3908355835367628651,F,2062,2134-06-05,1
-3780452582396805474,F,2058,2115-12-19,0
-3611589607736625713,M,2123,2187-05-18,0
-3420195391796315831,M,2115,2185-11-02,0
-3210373572193940939,M,2079,2146-05-28,0
-3024822967781525875,M,2050,2120-05-12,0
-2575767131279873665,M,2050,2116-06-25,0
-2500070523286875699,M,2134,2200-01-21,1
-2312013739856114142,M,2030,2114-03-19,1
-2286362762396278035,F,2073,2123-02-19,0
-2067961723109232727,F,2106,2169-01-14,0
-1616052813658226820,F,2074,2137-01-01,0
-1210657672714831684,M,2054,2133-12-18,0
-1115201667562228350,F,2062,2153-02-12,0
-1095016967997700156,M,2041,2125-06-16,0
-775517641933593374,M,2149,2196-02-24,0
-626229666378242477,M,2117,2170-10-08,1
-458664721446908388,F,2061,2120-01-30,0
225226226646982867,M,2058,2141-07-30,0
349862308128216812,M,2089,2146-06-05,0
421426604671948641,F,2119,2147-12-30,0
579254014084392336,M,2038,2115-10-09,1
817543968614095114,M,2125,2167-04-29,0
1105072502834179413,M,2136,2187-02-10,0
1194579079287927665,M,2089,2176-11-14,1
1258460361496302149,F,2108,2136-08-31,0
1484542834460282651,M,2099,2161-11-15,0
1532249960797525190,F,2106,2166-08-21,0
1740609625029317924,M,2093,2184-10-07,0
1741351032930224901,F,2097,2174-11-17,0
2161418207209636934,M,2060,2141-05-22,0
2188642953583197091,F,2102,2144-10-29,0
2213013192725646311,M,2122,2182-12-11,1
2288881942133868955,F,2102,2157-01-01,0
2341788304019377091,F,2130,2201-06-03,0
2601314283911413076,M,2070,2136-09-22,1
2631971469928551627,M,2085,2119-10-26,0
3129727379702505063,F,2145,2192-09-20,0
3192038106523208432,F,2083,2136-04-10,0
3589912774911670296,M,2095,2153-09-17,0
3665089643642765251,M,2085,2172-03-12,0
3773668700451843725,F,2070,2129-04-05,0
3912882389848878631,M,2084,2129-01-02,0
4087485459037740014,M,2096,2160-11-07,0
4239478333578644568,M,2111,2177-03-08,0
4352191084057402257,M,2066,2132-12-12,1
4498126063475867818,F,2075,2154-08-12,0
4668337230155062633,M,2073,2116-12-02,0
4783904755296699562,M,2049,2112-09-17,1
4985579811051920670,F,2064,2110-01-04,0
5548892236933978704,M,2073,2142-05-10,0
5734523979606454056,F,2069,2157-07-01,0
5863607150722936210,F,2092,2138-10-30,0
5894416985828315484,F,2055,2118-10-08,0
6128703162302148003,F,2120,2178-07-03,0
6339505631013617478,M,2059,2111-11-13,1
6543064765547201849,M,2133,2161-04-12,0
7131048714591189903,M,2133,2186-09-15,0
7155255168997124770,M,2086,2146-07-17,0
7262671035615120930,F,2094,2142-03-28,0
7427037643503998178,F,2084,2175-04-05,0
7489836918826771862,M,2123,2174-12-04,0
7633320537823105326,M,2136,2180-02-15,0
7708191038975000369,M,2062,2140-03-22,0
7918537411740862407,F,2055,2128-11-09,0
8009761406928052418,M,2130,2189-08-27,0
8090044958540695372,F,2079,2143-03-10,0
8480470964666031560,M,2043,2125-09-24,0
8527170356523164323,F,2128,2180-01-01,0
8692405834444096922,M,2119,2167-06-09,0
8805478484003283429,M,2062,2114-06-17,0