person_id,n_named_drugs
-9066461348710750663,7
-8993675534959689080,2
-8970844422700220177,8
-8928428202649726867,9
-8891617624507360381,5
-8769042030325953499,2
-8659404739579738033,5
-8492299714241840941,7
-8352232581952957278,5
-8254164865273971123,12
-8205283012979532608,4
-8090189584974691216,5
-7938198040010520706,7
-7671795861352464589,2
-7636167699948083600,8
-7437341330444582833,9
-7391666713304457659,5
-6681895148320589913,7
-6525152599927900344,9
-6289874722419061830,2
-6225647829918357531,16
-6022656226246460545,13
-5829006308524050971,6
-5342370696241135313,10
-4873075614181207858,11
-4502092208250381979,6
-4353160957725823366,11
-4234372750442829205,9
-4183220989401122518,4
-3908355835367628651,14
-3780452582396805474,3
-3611589607736625713,5
-3420195391796315831,8
-3210373572193940939,7
-3024822967781525875,8
-2575767131279873665,2
-2500070523286875699,5
-2312013739856114142,5
-2286362762396278035,9
-2067961723109232727,5
-1616052813658226820,4
-1210657672714831684,17
-1115201667562228350,6
-1095016967997700156,2
-775517641933593374,13
-626229666378242477,12
-458664721446908388,3
225226226646982867,3
349862308128216812,12
421426604671948641,11
579254014084392336,12
817543968614095114,9
1105072502834179413,14
1194579079287927665,12
1258460361496302149,7
1484542834460282651,9
1532249960797525190,9
1740609625029317924,2
1741351032930224901,11
2161418207209636934,7
2188642953583197091,6
2213013192725646311,7
2288881942133868955,5
2341788304019377091,8
2601314283911413076,4
2631971469928551627,7
3129727379702505063,4
3192038106523208432,9
3589912774911670296,8
3665089643642765251,2
3773668700451843725,9
3912882389848878631,1
4087485459037740014,4
4239478333578644568,2
4352191084057402257,14
4498126063475867818,14
4668337230155062633,15
4783904755296699562,14
4985579811051920670,2
5548892236933978704,1
5734523979606454056,5
5863607150722936210,14
5894416985828315484,9
6128703162302148003,9
6339505631013617478,5
6543064765547201849,9
7131048714591189903,12
7155255168997124770,11
7262671035615120930,9
7427037643503998178,5
7489836918826771862,12
7633320537823105326,6
7708191038975000369,9
7918537411740862407,6
8009761406928052418,7
8090044958540695372,10
8480470964666031560,6
8527170356523164323,3
8692405834444096922,3
8805478484003283429,7