person_id,condition_source_value
-9066461348710750663,SR (Sinus Rhythm)
-9066461348710750663,SB (Sinus Bradycardia)
-9066461348710750663,ST (Sinus Tachycardia)
-9066461348710750663,AF (Atrial Fibrillation)
-8993675534959689080,SR (Sinus Rhythm)
-8970844422700220177,SR (Sinus Rhythm)
-8970844422700220177,ST (Sinus Tachycardia)
-8928428202649726867,SR (Sinus Rhythm)
-8928428202649726867,SB (Sinus Bradycardia)
-8891617624507360381,SR (Sinus Rhythm)
-8891617624507360381,ST (Sinus Tachycardia)
-8769042030325953499,SR (Sinus Rhythm)
-8769042030325953499,ST (Sinus Tachycardia)
-8659404739579738033,SR (Sinus Rhythm)
-8659404739579738033,AF (Atrial Fibrillation)
-8492299714241840941,A Paced
-8492299714241840941,SR (Sinus Rhythm)
-8492299714241840941,SB (Sinus Bradycardia)
-8352232581952957278,AF (Atrial Fibrillation)
-8254164865273971123,SR (Sinus Rhythm)
-8254164865273971123,SB (Sinus Bradycardia)
-8254164865273971123,ST (Sinus Tachycardia)
-8205283012979532608,SR (Sinus Rhythm)
-8205283012979532608,ST (Sinus Tachycardia)
-8090189584974691216,SR (Sinus Rhythm)
-7938198040010520706,SR (Sinus Rhythm)
-7938198040010520706,ST (Sinus Tachycardia)
-7671795861352464589,SR (Sinus Rhythm)
-7671795861352464589,ST (Sinus Tachycardia)
-7636167699948083600,SR (Sinus Rhythm)
-7636167699948083600,SB (Sinus Bradycardia)
-7636167699948083600,ST (Sinus Tachycardia)
-7437341330444582833,SR (Sinus Rhythm)
-7437341330444582833,ST (Sinus Tachycardia)
-7391666713304457659,SR (Sinus Rhythm)
-7391666713304457659,SB (Sinus Bradycardia)
-7391666713304457659,ST (Sinus Tachycardia)
-6681895148320589913,SR (Sinus Rhythm)
-6681895148320589913,SB (Sinus Bradycardia)
-6681895148320589913,ST (Sinus Tachycardia)
-6525152599927900344,A Paced
-6525152599927900344,SR (Sinus Rhythm)
-6525152599927900344,ST (Sinus Tachycardia)
-6289874722419061830,SR (Sinus Rhythm)
-6289874722419061830,ST (Sinus Tachycardia)
-6225647829918357531,SR (Sinus Rhythm)
-6225647829918357531,ST (Sinus Tachycardia)
-6022656226246460545,SR (Sinus Rhythm)
-6022656226246460545,ST (Sinus Tachycardia)
-5829006308524050971,SR (Sinus Rhythm)
-5829006308524050971,SB (Sinus Bradycardia)
-5829006308524050971,ST (Sinus Tachycardia)
-5342370696241135313,AV Paced
-5342370696241135313,A Paced
-5342370696241135313,SR (Sinus Rhythm)
-5342370696241135313,ST (Sinus Tachycardia)
-5342370696241135313,AF (Atrial Fibrillation)
-4873075614181207858,AV Paced
-4873075614181207858,A Paced
-4873075614181207858,SR (Sinus Rhythm)
-4873075614181207858,ST (Sinus Tachycardia)
-4502092208250381979,SR (Sinus Rhythm)
-4502092208250381979,SB (Sinus Bradycardia)
-4353160957725823366,A Flut (Atrial Flutter)
-4353160957725823366,SR (Sinus Rhythm)
-4353160957725823366,SB (Sinus Bradycardia)
-4353160957725823366,ST (Sinus Tachycardia)
-4353160957725823366,AF (Atrial Fibrillation)
-4234372750442829205,SR (Sinus Rhythm)
-4234372750442829205,ST (Sinus Tachycardia)
-4183220989401122518,ST (Sinus Tachycardia)
-3908355835367628651,A Flut (Atrial Flutter)
-3908355835367628651,AF (Atrial Fibrillation)
-3780452582396805474,SR (Sinus Rhythm)
-3780452582396805474,ST (Sinus Tachycardia)
-3611589607736625713,SR (Sinus Rhythm)
-3611589607736625713,SB (Sinus Bradycardia)
-3611589607736625713,ST (Sinus Tachycardia)
-3420195391796315831,SR (Sinus Rhythm)
-3420195391796315831,SB (Sinus Bradycardia)
-3210373572193940939,A Paced
-3210373572193940939,SR (Sinus Rhythm)
-3024822967781525875,SR (Sinus Rhythm)
-2575767131279873665,SR (Sinus Rhythm)
-2575767131279873665,SB (Sinus Bradycardia)
-2575767131279873665,ST (Sinus Tachycardia)
-2500070523286875699,SR (Sinus Rhythm)
-2500070523286875699,ST (Sinus Tachycardia)
-2500070523286875699,AF (Atrial Fibrillation)
-2312013739856114142,SR (Sinus Rhythm)
-2312013739856114142,ST (Sinus Tachycardia)
-2286362762396278035,SR (Sinus Rhythm)
-2286362762396278035,SB (Sinus Bradycardia)
-2286362762396278035,ST (Sinus Tachycardia)
-2067961723109232727,SR (Sinus Rhythm)
-2067961723109232727,SB (Sinus Bradycardia)
-1616052813658226820,SR (Sinus Rhythm)
-1210657672714831684,SR (Sinus Rhythm)
-1210657672714831684,AF (Atrial Fibrillation)
-1115201667562228350,SR (Sinus Rhythm)
-1115201667562228350,SB (Sinus Bradycardia)
-1115201667562228350,ST (Sinus Tachycardia)
-1095016967997700156,SR (Sinus Rhythm)
-775517641933593374,ST (Sinus Tachycardia)
-775517641933593374,AF (Atrial Fibrillation)
-626229666378242477,SVT (Supra Ventricular Tachycardia)
-626229666378242477,AV Paced
-626229666378242477,V Paced
-626229666378242477,ST (Sinus Tachycardia)
-458664721446908388,SR (Sinus Rhythm)
-458664721446908388,ST (Sinus Tachycardia)
225226226646982867,SR (Sinus Rhythm)
225226226646982867,SB (Sinus Bradycardia)
349862308128216812,SR (Sinus Rhythm)
349862308128216812,ST (Sinus Tachycardia)
349862308128216812,AF (Atrial Fibrillation)
421426604671948641,SA (Sinus Arrhythmia)
421426604671948641,SR (Sinus Rhythm)
421426604671948641,SB (Sinus Bradycardia)
421426604671948641,ST (Sinus Tachycardia)
579254014084392336,AF (Atrial Fibrillation)
817543968614095114,SR (Sinus Rhythm)
1105072502834179413,SR (Sinus Rhythm)
1105072502834179413,ST (Sinus Tachycardia)
1194579079287927665,A Flut (Atrial Flutter)
1194579079287927665,AF (Atrial Fibrillation)
1258460361496302149,SR (Sinus Rhythm)
1258460361496302149,ST (Sinus Tachycardia)
1484542834460282651,A Paced
1484542834460282651,SR (Sinus Rhythm)
1532249960797525190,SR (Sinus Rhythm)
1532249960797525190,ST (Sinus Tachycardia)
1740609625029317924,SR (Sinus Rhythm)
1740609625029317924,SB (Sinus Bradycardia)
1741351032930224901,SR (Sinus Rhythm)
1741351032930224901,ST (Sinus Tachycardia)
2161418207209636934,SR (Sinus Rhythm)
2161418207209636934,ST (Sinus Tachycardia)
2161418207209636934,AF (Atrial Fibrillation)
2188642953583197091,SR (Sinus Rhythm)
2188642953583197091,ST (Sinus Tachycardia)
2213013192725646311,SVT (Supra Ventricular Tachycardia)
2213013192725646311,SR (Sinus Rhythm)
2213013192725646311,ST (Sinus Tachycardia)
2288881942133868955,SR (Sinus Rhythm)
2288881942133868955,ST (Sinus Tachycardia)
2341788304019377091,SR (Sinus Rhythm)
2341788304019377091,ST (Sinus Tachycardia)
2601314283911413076,SR (Sinus Rhythm)
2601314283911413076,ST (Sinus Tachycardia)
2631971469928551627,SR (Sinus Rhythm)
2631971469928551627,ST (Sinus Tachycardia)
3129727379702505063,SR (Sinus Rhythm)
3129727379702505063,ST (Sinus Tachycardia)
3192038106523208432,SR (Sinus Rhythm)
3192038106523208432,ST (Sinus Tachycardia)
3589912774911670296,SVT (Supra Ventricular Tachycardia)
3589912774911670296,A Paced
3589912774911670296,SR (Sinus Rhythm)
3589912774911670296,AF (Atrial Fibrillation)
3665089643642765251,SR (Sinus Rhythm)
3773668700451843725,SR (Sinus Rhythm)
3773668700451843725,ST (Sinus Tachycardia)
3912882389848878631,SR (Sinus Rhythm)
4087485459037740014,SR (Sinus Rhythm)
4087485459037740014,ST (Sinus Tachycardia)
4239478333578644568,SR (Sinus Rhythm)
4239478333578644568,AF (Atrial Fibrillation)
4352191084057402257,A Flut (Atrial Flutter)
4352191084057402257,A Paced
4352191084057402257,SR (Sinus Rhythm)
4352191084057402257,ST (Sinus Tachycardia)
4352191084057402257,AF (Atrial Fibrillation)
4498126063475867818,SR (Sinus Rhythm)
4498126063475867818,SB (Sinus Bradycardia)
4498126063475867818,ST (Sinus Tachycardia)
4668337230155062633,SR (Sinus Rhythm)
4668337230155062633,SB (Sinus Bradycardia)
4668337230155062633,ST (Sinus Tachycardia)
4783904755296699562,A Flut (Atrial Flutter)
4783904755296699562,SR (Sinus Rhythm)
4783904755296699562,ST (Sinus Tachycardia)
4783904755296699562,AF (Atrial Fibrillation)
4985579811051920670,SR (Sinus Rhythm)
5548892236933978704,V Paced
5734523979606454056,SR (Sinus Rhythm)
5863607150722936210,SA (Sinus Arrhythmia)
5863607150722936210,SR (Sinus Rhythm)
5863607150722936210,SB (Sinus Bradycardia)
5863607150722936210,ST (Sinus Tachycardia)
5894416985828315484,JR (Junctional Rhythm)
5894416985828315484,SA (Sinus Arrhythmia)
5894416985828315484,A Paced
5894416985828315484,V Paced
5894416985828315484,SR (Sinus Rhythm)
5894416985828315484,SB (Sinus Bradycardia)
5894416985828315484,AF (Atrial Fibrillation)
6128703162302148003,SR (Sinus Rhythm)
6128703162302148003,ST (Sinus Tachycardia)
6339505631013617478,SR (Sinus Rhythm)
6339505631013617478,SB (Sinus Bradycardia)
6339505631013617478,ST (Sinus Tachycardia)
6543064765547201849,SR (Sinus Rhythm)
6543064765547201849,ST (Sinus Tachycardia)
7131048714591189903,SR (Sinus Rhythm)
7131048714591189903,ST (Sinus Tachycardia)
7155255168997124770,A Flut (Atrial Flutter)
7155255168997124770,A Paced
7155255168997124770,V Paced
7155255168997124770,SR (Sinus Rhythm)
7155255168997124770,SB (Sinus Bradycardia)
7155255168997124770,ST (Sinus Tachycardia)
7155255168997124770,AF (Atrial Fibrillation)
7262671035615120930,SR (Sinus Rhythm)
7262671035615120930,ST (Sinus Tachycardia)
7427037643503998178,SR (Sinus Rhythm)
7427037643503998178,SB (Sinus Bradycardia)
7427037643503998178,AF (Atrial Fibrillation)
7489836918826771862,SR (Sinus Rhythm)
7489836918826771862,ST (Sinus Tachycardia)
7633320537823105326,V Paced
7633320537823105326,SR (Sinus Rhythm)
7633320537823105326,SB (Sinus Bradycardia)
7708191038975000369,A Paced
7708191038975000369,SR (Sinus Rhythm)
7708191038975000369,ST (Sinus Tachycardia)
7918537411740862407,SR (Sinus Rhythm)
7918537411740862407,AF (Atrial Fibrillation)
8009761406928052418,SR (Sinus Rhythm)
8009761406928052418,ST (Sinus Tachycardia)
8009761406928052418,AF (Atrial Fibrillation)
8090044958540695372,AF (Atrial Fibrillation)
8480470964666031560,SR (Sinus Rhythm)
8480470964666031560,ST (Sinus Tachycardia)
8527170356523164323,SR (Sinus Rhythm)
8527170356523164323,ST (Sinus Tachycardia)
8692405834444096922,SR (Sinus Rhythm)
8692405834444096922,SB (Sinus Bradycardia)
8805478484003283429,SR (Sinus Rhythm)