person_id,sex,year_of_birth,first_af_date,age_at_af,heparin,died
-9066461348710750663,M,2125,2185-01-17,60,0,1
-8659404739579738033,F,2066,2155-12-04,89,1,1
-8352232581952957278,F,2059,2137-06-12,78,1,0
-5342370696241135313,M,2033,2111-01-19,78,0,0
-4353160957725823366,M,2077,2146-06-25,69,0,1
-3908355835367628651,F,2062,2137-02-25,75,1,1
-2500070523286875699,M,2134,2201-07-08,67,1,1
-1210657672714831684,M,2054,2133-12-19,79,1,0
-775517641933593374,M,2149,2196-02-24,47,0,0
349862308128216812,M,2089,2149-10-03,60,1,0
579254014084392336,M,2038,2117-03-14,79,1,1
1194579079287927665,M,2089,2176-11-19,87,1,1
2161418207209636934,M,2060,2141-05-23,81,1,0
3589912774911670296,M,2095,2153-09-20,58,1,0
4239478333578644568,M,2111,2177-03-15,66,0,0
4352191084057402257,M,2066,2135-01-15,69,1,1
4783904755296699562,M,2049,2116-03-07,67,0,1
5894416985828315484,F,2055,2118-11-16,63,1,0
7155255168997124770,M,2086,2148-07-01,62,1,0
7427037643503998178,F,2084,2176-11-27,92,1,0
7918537411740862407,F,2055,2135-01-21,80,1,0
8009761406928052418,M,2130,2189-09-12,59,0,0
8090044958540695372,F,2079,2148-01-24,69,0,0