Question#,Question Text,Elapsed Time,Input Token,Output Token,Total Token,Tool Calls,KG Calls,EHR Calls,Physician Score,Physician Note,Bioinformatician Score,Bioinformatician Note,Overall Score
Q1.1,How many patients received any statin in the past year?,140,,,69040,3,0,3,1,"The response uses a comprehensive statin hierarchy, reports a distinct-patient count, and acknowledges that start-only exposures can miss ongoing therapy. However, the July 2025-July 2026 window extends roughly five months beyond the dataset's February 2026 observation cutoff, so the reported value is based on an incomplete observable year.",1,"`de.drug_exposure_start_date >= '2025-07-23'` counts only records that start in the window, so ongoing statin exposures begun earlier are omitted from “received in the past year”; the hand-written ingredient list is also not demonstrated exhaustive for the class. Use a validated statin class concept set and exposure-overlap logic (`start_date <= window_end AND end_date >= window_start`) or `drug_era`.",
Q1.2,What is the current prevalence of multiple sclerosis in our adult population?,92,,,68722,2,0,2,1,"The numerator uses an appropriate MS concept hierarchy and the limitation is disclosed, but the result is lifetime recorded prevalence among all adult persons rather than current prevalence in an actively observed adult population. Including adults no longer under observation can materially distort the denominator and point-prevalence interpretation.",1,"The answer labels 0.206% as ""current MS prevalence"" while explicitly admitting it is lifetime recorded prevalence. The denominator includes every adult in `person`, regardless of current observation or death, and the numerator includes any historical MS diagnosis, so numerator and denominator do not define a current population. Restrict both to adults alive and observable on a common index date (or a prespecified recent period), then count established MS cases as of that date.",
Q1.3,How many patients carry a diagnosis of type 2 diabetes?,41,,,68262,2,0,2,2,,2,,
Q1.4,How many breast cancer patients are currently active in our records?,270,,,70077,6,0,6,2,,2,,
Q1.5,How many patients have rheumatoid arthritis on record?,39,,,68161,2,0,2,2,,2,,
Q1.6,How many patients have had an ALT measured at least once?,40,,,71351,4,0,4,2,,1,"The final filter is an unexplained fixed list, `measurement_concept_id IN (3006923, ... ,3052018)`, despite claiming hierarchy-based capture; completeness for all ALT measurement concepts is not established. Use a validated ALT concept set (standard LOINC concepts plus mapped descendants) or explicitly justify the enumerated set.",
Q1.7,How many patients have a diagnosis of endometriosis?,61,,,71027,3,0,3,2,,2,,
Q1.8,How many inpatient encounters included a diagnosis of pneumonia in the past year?,200,,,68520,2,0,2,1,"The encounter-level inpatient definition, pneumonia hierarchy, and count are appropriate. However, the stated July 2025-July 2026 window extends about five months beyond the dataset's February 2026 observation cutoff, so it does not provide a complete observable past-year encounter count.",1,"The time predicate is only `vo.visit_start_date >= DATEADD(year, -1, CAST(GETDATE() AS date))`; without an upper bound, future-dated visits would be included, so it is not strictly the past-year interval. Add `AND vo.visit_start_date < DATEADD(day,1,CAST(GETDATE() AS date))` (or use a fixed data-cutoff date) while retaining the distinct visit count and pneumonia descendant join.",
Q1.9,How many patients have cystic fibrosis documented?,62,,,70007,3,0,3,2,,2,,
Q1.10,How many children under 18 have an asthma diagnosis in our system?,62,,,69096,4,0,4,1,"The asthma phenotype and distinct-patient count are appropriate, but the response defines children as patients who were under 18 when any asthma code was recorded. This includes patients who are now adults, whereas the wording commonly implies patients currently under 18. The distinction is acknowledged, but the reported count may not represent the intended pediatric population.",1,"`YEAR(co.condition_start_date) - p.year_of_birth < 18` is only a calendar-year approximation and misclassifies patients near their 18th birthday. Compare the diagnosis date with `DATEADD(year, 18, birth_datetime)` when available (or use a clearly documented year-only approximation) while retaining the asthma descendant and distinct-person logic.",
Q2.1,What is the frequency of cardiovascular multimorbidity in women versus men in our cohort?,323,,,70575,4,0,4,2,,2,,
Q2.2,Choose a non-insulin medicine for type 2 diabetes and report how many patients used it here.,56,,,68820,4,0,4,2,,2,,
Q2.3,Pick one controller medication for asthma and tell me how many diagnosed patients received it.,81,,,68842,3,0,3,1,"Fluticasone is an appropriate asthma-controller ingredient, but the query includes all descendant products without restricting to inhaled pulmonary formulations. Nasal and topical fluticasone are not asthma controller therapy and can materially inflate the reported count; the note mentions all forms but does not correct the phenotype.",0,"`ca.ancestor_concept_id = 1149380` counts every descendant of the fluticasone ingredient, including non-asthma nasal and topical products, so the exposure is not specifically an asthma controller despite the answer calling it inhaled fluticasone. Restrict descendants to inhaled respiratory dose forms/clinical drugs (including clearly defined inhaled combinations if intended), then count distinct asthma patients.",
Q2.4,Select a long-acting bronchodilator and report how many COPD patients received it.,178,,,71182,4,0,4,0,"The reported count of one is not clinically credible for this large OMOP cohort and appears to result from using the wrong tiotropium ingredient ancestor (1502809 rather than the standard tiotropium ingredient hierarchy). The response then incorrectly rationalizes the result as a small dataset despite the database containing millions of patients, so the requested exposure count is not reliable.",0,"The drug concept is wrong: the response hard-codes RxNorm ingredient 1502809 as tiotropium, producing the implausible count of 1, rather than using the tiotropium ingredient concept returned by vocabulary lookup. Validate the exact ingredient ID/name pair, expand its descendants, rerun the COPD overlap count, and sanity-check the result against total tiotropium exposure and cohort size.",
Q2.5,Pick a typical aromatase inhibitor and show how many breast-cancer patients received it.,94,,,68449,2,0,2,2,,2,,
Q2.6,Pick a commonly used anti-TNF therapy and report how many RA patients received it.,388,,,74204,5,0,5,2,,2,,
Q2.7,Choose a proton-pump inhibitor and tell me how many GERD patients received it.,47,,,68508,2,0,2,2,,2,,
Q2.8,Pick a common antiseizure medicine and report how many epilepsy patients received it.,48,,,38285,6,0,6,2,,2,,
Q2.9,"For bronchiolitis, select one supportive care medication and show how often it appears in pediatric charts.",250,,,71501,6,0,6,1,"Albuterol is not routine supportive care for bronchiolitis, and exposure was counted at any time rather than in temporal relation to the bronchiolitis episode.",1,"Final ""DATEDIFF(YEAR, DATEFROMPARTS(...), co.condition_start_date) < 18"" counts year boundaries rather than exact birthdays and can exclude some patients who are still 17; compare the diagnosis date with DATEADD(YEAR, 18, the constructed birth date).",
Q2.10,Select a standard therapy for phenylketonuria and report how many patients here received it.,47,,,71609,4,0,4,2,,2,,
Q3.1,"For new metformin users, how often is eGFR < 45 recorded within 6 months?",194,,,46352,6,0,6,1,"The incident-user and low-eGFR definitions are broadly appropriate, but the cohort requires prior observation only and not complete 180-day follow-up. Patients censored before six months remain in the denominator, and no denominator among those actually tested is reported, so the 3.95% is a recorded-event proportion that may understate the observable six-month rate.",1,"The final phenotype relies on `lower(concept_name) LIKE '%glomerular filtration rate%'`, which can miss valid eGFR LOINCs/synonyms and does not verify result units; the denominator also is not required to remain observable for 180 days. Use a validated eGFR concept set with unit normalization and require observation through DATEADD(day,180,index_date) (or handle censoring).",
Q3.2,"For new statin users, what proportion shows CK > 5x the upper limit within 30 days?",244,,,40809,7,0,7,1,"The response calculates both relevant denominators and acknowledges ascertainment bias, but its headline answers 11.1% among the selectively tested subgroup rather than the requested proportion among all new statin users, which is 0.29% as also reported. Calling the tested-only estimate the clinically meaningful answer is misleading; lack of an observation-based washout and unit validation adds uncertainty.",2,,
Q3.3,"For new SSRI users, what 6-month discontinuation proportion do we observe?",665,,,71305,5,0,5,1,"The optimized query used each patient's maximum SSRI era end rather than verifying an era actually covered day 180, so a later restart after discontinuation could be misclassified as persistent therapy.",0,"The executed shortcut classifies persistence from ""MAX(drug_era_end_date) AS last_end"" and treats any last era ending after day 180 as on therapy, even if there was an earlier discontinuation gap followed by a later restart. Test whether an SSRI era actually spans day 180 (or construct explicit continuous episodes with a prespecified permissible gap) and distinguish discontinuation followed by restart from uninterrupted persistence.",
Q3.4,"For new inhaled corticosteroid users with asthma, how often are oral-thrush codes recorded within 60 days?",723,,,74851,8,0,8,2,,2,,
Q3.5,"For new loop-diuretic users, what proportion has potassium < 3.5 mmol/L within 30 days?",174,,,40627,6,0,6,2,,2,,
Q3.6,"For new PPI users, how often is magnesium < 1.6 mg/dL recorded within 90 days?",1220,,,40700,8,0,8,1,"The response clearly provides both the all-user recorded rate and the tested-patient proportion. However, 'new' use lacks a prior observation washout and 90-day follow-up requirement, units are assumed rather than verified, and the claim that the 7% necessarily underestimates true prevalence is not justified because magnesium testing is informative.",1,"`m.value_as_number < 1.6` is applied without checking `unit_concept_id`, despite the threshold being explicitly mg/dL, and the denominator does not require observation through day 90. Restrict to the mg/dL unit (or convert compatible units) and require 90-day follow-up; a pre-index observation/washout period would also make the “new user” definition more robust.",
Q3.7,"For new methotrexate users, what proportion shows ALT > 2x the upper limit within 60 days?",170,,,39993,7,0,7,1,"The result is transparent and caveated, but incident use was not supported by a baseline observation/washout period, complete 60-day follow-up was not required, and a fixed 40 U/L ULN may misclassify laboratory-specific elevations.",1,"The response explicitly notes that ""no washout was applied here"" and the query also does not require complete 60-day observation, so first-recorded exposure may not represent incident use and patients with truncated follow-up remain in the denominator. Require a prespecified observable baseline free of methotrexate and observation through day 60 before calculating the all-user proportion.",
Q3.8,"For new trimethoprim-sulfamethoxazole users, how often is potassium > 5.0 mmol/L recorded within 30 days?",96,,,45895,7,0,7,1,"The response reports both all-user and tested-user denominators and appropriately discusses ascertainment bias. However, the exposure set is built from all descendants of sulfamethoxazole rather than requiring the trimethoprim-sulfamethoxazole combination, and neither prior observation nor potassium units are enforced, so the requested new-user cohort and outcome are imperfectly specified.",1,"The drug set is defined as every descendant of sulfamethoxazole rather than specifically products containing both trimethoprim and sulfamethoxazole, and ""first-ever"" lacks an observable washout and complete 30-day follow-up; units are also only assumed. Intersect trimethoprim and sulfamethoxazole descendant sets, require a prespecified observed drug-free baseline and follow-up through day 30, and restrict or normalize compatible potassium units.",
Q3.9,"For adolescents newly started on isotretinoin, how often is ALT > 2x the upper limit recorded within 90 days?",142,,,48911,13,0,13,1,"The cohort and follow-up window are clear, but the requested >2× ULN outcome cannot be identified from patient/lab-specific reference ranges here. Applying a universal adult ULN of 40 U/L to adolescents is a transparent but clinically imperfect approximation that can materially undercount elevations, particularly with sex-specific pediatric ULNs.",0,"The final endpoint is `m.value_as_number > 80`, an assumed adult fixed cutoff, not `> 2 * range_high`; the file confirms usable ULNs are absent and notes adolescent sex-specific ULNs are lower. Therefore it does not compute the requested >2×ULN outcome. Use measurement-specific reference ranges from a valid source (or prespecified age/sex-specific ULNs), harmonize units, and require adequate pre-index washout plus 90-day observation.",
Q3.10,"For new DOAC users with atrial fibrillation, how often are major-bleeding codes recorded within 30 days?",1324,,,44243,11,0,11,1,"“New” meant first observed DOAC without baseline washout, and the broad GI-hemorrhage hierarchy is not an adjudicated major-bleeding definition; 30-day observability was not required.",1,"Final cohort denominator is counted without requiring observation through ""DATEADD(day, 30, c.idx_date)"", so incompletely followed users are treated as non-events; join observation_period for full 30-day follow-up (and define whether baseline bleeding should be excluded).",
Q4.1,Did prescription rates of systemic immunosuppressants decline in 2020 compared with 2019?,161,,,69341,4,0,4,1,"The response accurately reports increased raw exposure and treated-patient counts, but the question asks about prescription rates; without a yearly active-population denominator, the conclusion that rates did not decline is not established.",0,"The response concludes that prescription ""rates ... rose"" from raw exposure and patient counts while acknowledging ""no denominator for enrolled/active patients per year""; counts alone cannot establish the direction of a rate when the observed population changes. Normalize prescriptions or treated patients by annual eligible person-time/active patients using a consistent denominator, then compare the resulting 2019 and 2020 rates.",
Q4.2,"Over the past two years, what trend or seasonality is seen in monthly HbA1c measurements?",409,,,72537,6,0,5,1,"The monthly mean and volume trends are clearly described with an appropriate data-completeness caveat. However, the claimed winter-high/late-summer-low seasonality is inferred from small visual fluctuations without formal seasonal aggregation or testing, and the progressively incomplete second year makes that interpretation especially uncertain.",1,"The conclusion of a ""small winter-high/late-summer-low seasonal swing"" is visual speculation from only two highly incomplete annual cycles and is not supported by a formal seasonal model or confidence intervals; several displayed months do not follow that pattern. The SQL also filters values to 3–20 but does not enforce a percent unit despite describing the outcome as percent. Validate units, restrict to months with stable capture, and estimate trend and seasonality with month effects or harmonic regression and uncertainty rather than inferring a cycle from monthly means.",
Q4.3,"Over the last two years, how did monthly oral-steroid bursts for asthma vary?",227,,,40660,11,0,10,0,The analysis does not actually identify oral-steroid bursts: it counts every qualifying dispensing without enforcing a short-course duration or excluding chronic maintenance therapy. Consequently both the monthly counts and the claimed temporal change are not clinically interpretable as burst use; the assertion that the 2025 decline is due to incomplete loading is also speculative rather than demonstrated.,0,"The final query labels `COUNT(*) AS n_bursts` even though it counts every qualifying drug_exposure row and explicitly applies no short-course limit or chronic-user exclusion; it also replaces the requested current two-year window with 2023-07-01–2025-07-01. Define burst episodes using exposure duration/refills and a short-course rule (with chronic therapy excluded or separated), and preserve the requested two-year window while flagging incomplete months.",
Q4.4,What trends are observed in monthly incident lung-cancer diagnoses over the last three years?,327,,,76305,7,0,7,2,,2,,
Q4.5,"Over the last 24 months, among CKD stage 3-5 patients on ACEi/ARB, how did monthly severe hyperkalemia events (potassium ³5.5 mmol/L) and ED visits with a hyperkalemia diagnosis change?",1097,,,52640,16,0,15,1,"The laboratory trend and ED-coding limitation are transparently reported, with a sensible data-completeness caveat. However, the cohort only requires any historical CKD diagnosis and any historical ACEi/ARB exposure; it does not establish CKD stage 3–5 or active ACEi/ARB therapy at each event, so the requested treated-cohort trend is not cleanly measured.",0,"The requested ED series is explicitly ""not answerable here,"" and the lab cohort is also temporally misclassified: the SQL only requires any lifetime CKD code and any lifetime ACEi/ARB exposure, not CKD stage 3–5 and active ACEi/ARB therapy in each event month. Reconstruct time-varying eligibility using diagnosis dates and drug exposure intervals, validate potassium units, assess denominator/data completeness by month, and locate or explicitly document an alternative ED encounter field before reporting both trends.",
Q4.6,"In children 5-17 with asthma, do monthly ED visits for exacerbation and oral steroid bursts show fall and spring peaks over the last three years?",3603,,,52506,21,0,20,1,"The response appropriately identifies absent ED data, recent incompleteness, and lack of a consistent steroid seasonality signal. However, the ED half of the requested comparison cannot be answered, and the so-called oral bursts include all routes, every exposure row without episode deduplication, and steroid use for any indication among patients ever diagnosed with asthma.",0,"The ED half is explicitly ""not measurable,"" and the remaining series is not actually restricted to oral therapy or collapsed into treatment episodes despite being called oral steroid bursts; only two complete years are assessed instead of three. Locate a valid ED encounter source, restrict to oral formulations, de-duplicate starts into prespecified bursts temporally linked to asthma exacerbation, and evaluate seasonality over three complete years with monthly denominators.",
Q4.7,"Across the past three years, how did monthly Clostridioides difficile infection diagnoses trend, and do months with higher CDI coincide with increased inpatient broad-spectrum antibiotic starts?",2339,,,44052,11,0,10,1,"The trends and ecological limitations are clearly explained, but the broad-spectrum definition omits important agents such as ceftriaxone and fluoroquinolones and may double-count combination therapy as separate ingredient eras. The raw correlation is also distorted by time trends and incomplete 2025 capture, so the conclusion about coincidence is only tentative.",1,"The conclusion that higher-antibiotic months do not coincide with higher CDI rests on a raw Pearson correlation of two autocorrelated, differently scaled time series with strong secular trends and an incomplete 2025 tail; no confidence interval, detrending, seasonality control, or lag analysis is provided. The hand-picked broad-spectrum set is also incomplete and may count component ingredient eras rather than treatment starts. Restrict to complete months, validate and deduplicate antibiotic episodes, normalize both series to a common inpatient denominator, and use lagged time-series regression with uncertainty.",
Q4.8,"In adults with heart failure, how have monthly hospitalizations and 30-day readmission rates changed over the last two years?",955,,,43107,10,0,9,1,"The monthly hospitalization trend and extract-truncation caveats are clear. However, the reported readmission rate counts only subsequent admissions that also carry a heart-failure diagnosis, whereas an unspecified 30-day readmission rate is generally all-cause; age was also assessed against 2026 rather than at each admission.",0,"The response acknowledges that the apparent 2025 hospitalization decline is a ""data-completeness artifact,"" so a valid two-year change cannot be estimated from this window. Its readmission definition counts only the next hospitalization that also carries a heart-failure diagnosis, rather than standard all-cause 30-day readmission, allows zero-day transfer/overlap gaps, and retains index admissions without complete 30-day follow-up. Restrict to a demonstrably complete period, assess age at admission, consolidate transfers, and calculate all-cause readmission among fully observable discharges before describing trends.",
Q4.9,"Across 2019-2021, what trends are observed in monthly new depression diagnoses?",86,,,72589,6,0,5,2,,1,"Monthly raw first-record counts are compared without requiring a pre-diagnosis observation period or using the changing active-population/encounter denominator, so the stated ""steady decline"" can reflect left-censoring, cohort turnover, or healthcare utilization rather than diagnosis incidence. Require a consistent lookback for incident cases and report rates per actively observed person-month (with encounter-volume sensitivity analysis) before interpreting the pandemic-era trend.",
Q4.10,"During the COVID-19 pandemic, did Guillain-Barr syndrome show a higher diagnosis frequency than in the pre- and post-pandemic periods?",216,,,71883,6,0,6,1,"The comparison used repeated GBS condition rows per 100,000 condition rows rather than incident patients or person-time, so differential recoding can distort period frequency.",2,,
Q5.1,What is the most frequent diagnosis among women in their 50s in our cohort?,759,,,69909,5,0,5,1,"The ranking is based on raw condition-occurrence records, so repeatedly coded oncology care can dominate even when far fewer women are affected. For a cohort-level question, frequency should primarily be assessed by distinct patients; combining two breast-cancer concepts also risks double-counting the same records or patients.",0,"The ranking counts condition-occurrence rows rather than women, so intensive repeat coding makes breast cancer appear most frequent; the statement that ""a single person contributes multiple diagnoses over time"" does not address repeated records of the same diagnosis. Rank diagnoses by distinct female patients aged 50–59 (preferably rolling synonymous/descendant concepts into a phenotype), and present raw occurrence volume only as a separate utilization measure.",
Q5.2,What were the most frequent cancer diagnoses in smokers in the last 2 years?,137,,,44006,7,0,7,1,"The smoker phenotype captured only 144 structured current smokers and cancer concepts were not consolidated into non-overlapping sites, leaving a sparse, duplicated ranking.",1,"Final ""GROUP BY c.condition_concept_id, con.concept_name"" fragments the same malignancy across nested/synonymous codes (three prostate and several lung rows), so the reported ranking is not by distinct cancer diagnosis category; roll descendants to non-overlapping site-level ancestors and count each patient once per category.",
Q5.3,"What are the most frequent lab tests associated with lupus here, and what proteins or metabolites do they measure?",203,,,74876,5,0,5,0,The response is truncated after 'Here's what' and provides no laboratory ranking or explanation of the proteins or metabolites measured. The requested clinical result is absent.,0,The response ends at `Here's what` and no executed query maps the laboratory tests to the proteins or metabolites they measure. Return the completed frequency-query results and use the KG/standard measurement ontology to map each leading test concept to its measured analyte.,
Q5.4,"Among adults with newly diagnosed T2DM, which three medications are most commonly started first?",410,,,76432,8,0,8,0,"The response overrides its own observed data and excludes insulin post hoc because the ranking appears clinically implausible, then presents a non-insulin ranking as though it answered the question. Even prescription/dispensing records still showed insulin leading, and no validated outpatient or indication linkage justified removing it. The underlying cohort also lacks prior-observation and prior-treatment washout, so neither the original nor the substituted ranking identifies true first therapy in newly diagnosed T2DM.",0,"The final query ranks all first A10 prescriptions (`SELECT TOP 15 ingredient_name ... ORDER BY n_patients DESC`) and reportedly returns insulin first, but the answer discards those queried leaders and reports a hand-selected oral-only top three without an executed exclusion query. Return the actual query ranking, or explicitly filter the analytic cohort to non-insulin outpatient agents and rerun it; also enforce no prior diabetes-drug exposure if 'started first' means incident use.",
Q5.5,Which antihypertensive classes are most commonly prescribed in adults 40-60?,55,,,70676,4,0,4,2,,2,,
Q5.6,Which antidepressant classes are most commonly used in older adults (³65)?,1885,,,73836,9,0,9,0,"The database failure prevented any class frequencies or ranking from being produced, so the clinical question was not answered.",0,"The response stops with ""The MedCP database connection is down"" and reports no antidepressant-class frequencies, so the requested result is absent. Rerun after restoring the data source using a validated ingredient-to-class mapping and report distinct older-adult users per class with a clearly defined age-at-exposure denominator.",
Q5.7,"Among asthma patients, which rescue medications are most frequently dispensed?",121,,,69292,2,0,2,1,"Albuterol is correctly identified as dominant, but the analysis includes all routes and indications for epinephrine and other ingredients rather than asthma rescue formulations, omits potential inhaled anticholinergic rescue therapy, and describes the cohort size using albuterol recipients rather than all asthma patients.",1,"The candidate set includes ""epinephrine"" and counts ""any route/form"" at any time, so anaphylaxis auto-injectors and systemic/non-rescue formulations are misclassified as asthma rescue dispensing. Restrict to inhaled/nebulized short-acting bronchodilator products dispensed during a defined period after documented asthma and exclude epinephrine unless a specific asthma-rescue formulation/indication is identified.",
Q5.8,Which three noninvasive tests are most frequently ordered for suspected H. pylori in our cohort?,56,,,78970,4,0,4,1,"The modality ranking is plausible and evidence-backed, but the query counted all database measurements rather than defining patients with suspected H. pylori, and the caveat incorrectly states that 15,516 stool-tested patients exceed 21,517 for the largest serology concept.",2,,
Q5.9,"Among CKD stage 4-5 patients, which outpatient labs are most frequently ordered?",12415,,,47600,9,0,8,1,"The analysis identifies the expected CBC and metabolic-panel components and separates bedside vital signs, but the delivered answer omits the actual ranked lab counts shown only in the reasoning. The cohort also links any outpatient measurement at any time to anyone ever diagnosed with stage 4–5 CKD/ESRD, without requiring the lab to occur after or during the advanced-CKD period.",1,"The cohort and measurements are linked only by person, so outpatient measurements from before the CKD stage 4–5 diagnosis are counted; measurement-result rows are also labeled ""orders,"" and lab-versus-vital exclusion is manual. Restrict measurements to periods after documented stage 4–5 onset (or overlapping condition eras), use a validated laboratory concept set/order source where available, and report a reproducible panel-level or analyte-level ranking.",
Q5.10,"Among elderly, what are the most frequent nutritional deficiency diagnoses?",276,,,70447,4,0,4,1,"The response reports distinct elderly-patient counts and a clinically recognizable deficiency ranking. However, it uses the broader nutritional-disorder hierarchy, includes adult failure to thrive and acknowledges overload conditions, and separates overlapping parent and child deficiency concepts. The table therefore does not cleanly rank mutually distinct nutritional deficiencies.",1,`WHERE ca.ancestor_concept_id = 4090739 -- Nutritional disorder` is broader than nutritional deficiencies and can include overload/non-deficiency conditions. Use a nutritional-deficiency ancestor (or an explicitly validated deficiency concept set) and exclude non-deficiency descendants before ranking distinct patients.,
Q6.1,"What are the most frequent comorbidities of men versus women with dementia in our center, and what are plausible biological underpinnings?",325,,,83480,8,0,8,1,"The sex-stratified prevalence patterns, biological interpretation, and limitations are clinically coherent. However, the comorbidity tables report percentages without absolute affected-patient counts, mix some symptoms or findings with disease diagnoses, and are unadjusted for the important age difference between men and women, limiting a fully interpretable frequency comparison.",1,"Comorbidities are ranked separately by raw ""co.condition_concept_id"", so related or nested diagnoses are fragmented (and can be counted as distinct labels) rather than rolled up to clinically coherent comorbidity categories. Define prespecified non-overlapping phenotype concept sets or roll descendants up to chosen ancestors, and anchor the comorbidity assessment to a specified window around dementia diagnosis.",
Q6.2,"What is the rate of HbA1c reduction in the first year after T2DM diagnosis, and how does it relate to the first drug started?",1002,,,46953,11,0,11,1,"The HbA1c changes and confounding-by-indication interpretation are useful, but 'first drug' has no upper timing bound and may begin after the year-1 HbA1c window, while diagnosis and drug initiation lack baseline observation/washout. This weakens attribution of first-year change to the assigned drug.",1,"The exposure assignment is temporally under-specified: ""First drug"" is the earliest listed drug era ""from ~30 days pre-diagnosis onward,"" with no upper bound, so a drug initiated after the outcome window can define the stratum; ""No drug / other"" also conflates untreated patients with unlisted therapies. Restrict first treatment to a prespecified short post-diagnosis initiation window, distinguish untreated from other agents, and require adequate observation while adjusting comparisons for baseline HbA1c and other confounding.",
Q6.3,"Among adults with diagnosed hypertension, which comorbidities co-occur most frequently, and what shared biological pathways might link them?",303,,,74421,8,0,8,1,"The hypertension cohort, consolidated comorbidity ranking, mechanistic synthesis, and non-causal caveats are clinically appropriate. However, the comorbidity results provide percentages only and omit absolute affected-patient counts, so the frequency ranking does not meet the rubric's full reporting requirements for score 2.",1,"`DATEDIFF(year, DATEFROMPARTS(p.year_of_birth,1,1), hp.first_htn) >= 18` restricts the cohort to people already adult at their first recorded HTN diagnosis, excluding currently adult patients whose HTN was recorded earlier; comorbidities are then counted at any time with no co-occurrence window. Define adulthood at a stated analysis/index date and apply an explicit temporal window around or after hypertension diagnosis.",
Q6.4,"In COPD, which metabolic or endocrine comorbidities are most prevalent here, and what biology might connect them to airway disease?",805,,,73018,7,0,6,1,"The principal metabolic/endocrine prevalences and biological explanations are clinically plausible and well caveated. However, the ranking is limited to a prespecified concept list, includes pulmonary hypertension despite acknowledging it is not metabolic/endocrine, and claims co-occurrence beyond chance without a comparator or enrichment analysis.",1,"The assertion that these conditions ""co-occur far more than chance"" is unsupported because no non-COPD comparator or enrichment analysis was performed. The ranking is limited to a prespecified set of lifetime diagnoses, reports overlapping parent/subtype categories, and includes pulmonary hypertension despite acknowledging it is not metabolic or endocrine. Use mutually exclusive curated metabolic/endocrine categories, a defined temporal window, and an age/sex/utilization-matched comparator before claiming enrichment; present the mechanistic links as hypotheses rather than explanations established by these data.",
Q6.5,"In bipolar disorder, which substance-use diagnoses most frequently co-occur, and what neurotransmitter systems might connect them?",309,,,76769,11,0,11,2,,1,"Substance classes are assigned by ad hoc text matching of concept names with a residual ""Other/polysubstance"" bucket rather than validated phenotype concept sets, and lifetime diagnoses are called co-occurring without any temporal criterion. Use explicit hierarchical concept sets for each substance-use disorder, define a clinically meaningful overlap window around bipolar diagnosis, and ground the neurotransmitter links in reproducible KG or cited target/pathway relations.",
Q6.6,"In IBD, which extraintestinal comorbidities are most frequent, and what immune signaling could underlie this?",313,,,73638,5,0,5,1,"The ranking and immune-pathway discussion are clinically plausible, with appropriate distinction between classic immune-mediated manifestations and nutritional consequences. However, frequencies come from a manually selected set of exact diagnosis names rather than validated descendant-based phenotypes; broad arthritis and anemia codes may be nonspecific, while related EIM codes can be missed or double counted.",1,"The final query uses `WHERE c.concept_name IN (...)`, so each EIM is counted only under selected exact labels and descendants/synonyms can be missed or split across rows. Define each EIM with standard ancestor concept IDs, expand via `concept_ancestor`, and aggregate distinct patients once per EIM category.",
Q6.7,"In advanced CKD, which cardiovascular comorbidities are most frequent, and what mineral metabolism mechanisms could explain links?",200,,,73762,6,0,6,2,,1,"The final `grp AS (...)` enumerates only eight hand-picked cardiovascular ancestors, so it ranks a prespecified subset rather than establishing which cardiovascular comorbidities are most frequent overall. Derive and rank a comprehensive cardiovascular concept hierarchy, or clearly justify the candidate set.",
Q6.8,"In systemic lupus erythematosus, which endocrine comorbidities co-occur most often, and what immune-endocrine mechanisms might connect them?",393,,,74718,8,0,8,1,"The EHR frequencies and immune-endocrine mechanisms are broadly informative, but the response overinterprets unadjusted co-occurrence: adrenal cortical hypofunction is labeled Addison disease, much hypothyroidism is assumed autoimmune, and diabetes is described as largely steroid-driven without phenotype or treatment evidence. The very large enrichment ratios use an unmatched whole-database denominator and are especially vulnerable to age, sex, and observation-intensity bias.",1,"The enrichment ratios compare an older, predominantly female SLE cohort with all 7.17 million persons without matching age, sex, observation time, or calendar period, and ""adrenal cortical hypofunction"" is relabeled as Addison's even though glucocorticoid-induced HPA suppression can dominate that code set. Keep the absolute co-occurrence ranking primary, use non-overlapping validated endocrine phenotypes, estimate matched/adjusted enrichment, and ground immune-endocrine mechanisms in reproducible KG or pathway evidence.",
Q6.9,"Among children with obesity, which mental health diagnoses most often co-occur, and what appetite/stress pathways could link them?",396,,,77229,8,0,8,1,"The ranked categories, pairwise clustering, and mechanistic discussion are clinically coherent, but mental-health diagnoses were counted at any age and time after identifying obesity during childhood, so adult or temporally remote diagnoses may be misclassified as pediatric co-occurrence.",0,"The pediatric restriction is applied only to the obesity diagnosis; mental-health records are joined by person with no age or temporal condition, so diagnoses first recorded in adulthood can be counted as co-occurring in children. Restrict each mental-health diagnosis to age <18 and to a prespecified window overlapping/following the pediatric obesity record, then recompute category and pair prevalences.",
Q6.10,"In sickle cell disease, which infection diagnoses occur most frequently, and what immune/hemolysis processes might explain susceptibility?",487,,,86558,9,0,9,1,"The dominant infection categories and the central explanations of functional asplenia, impaired opsonization, and infarcted bone are clinically sound. However, both the SCD cohort and infections are assembled by concept-name matching rather than validated hierarchies, with no temporal relationship to SCD, and some mechanistic claims about free heme/iron favoring a broad set of organisms and chronic immune exhaustion are speculative or overstated.",1,"The final phenotype relies on `ic.concept_name LIKE '%infection%' OR ...` plus a hand-written term list, so valid infection diagnoses whose names lack those substrings can be omitted and the frequency ranking is incomplete. Build SCD and infection concept sets from validated standard ancestors/descendants, then group the complete patient-level infection set.",
Q7.1,"Among the diseases biologically related to multiple sclerosis, which are most frequently diagnosed here?",135,,,75346,7,0,7,1,"The frequencies are clearly calculated and the base-prevalence caveat is appropriate, but the biologically related disease set was manually curated rather than derived from the knowledge graph and mixes broad autoimmune comorbidity with demyelinating mimics/sequelae, making the selection subjective.",1,"""Biologically related"" is ultimately defined by a manually curated autoimmune/demyelinating list after the OMOP relationships were judged insufficient, rather than by a reproducible biological-relation query; the ranking therefore depends on hand selection. Derive the candidate disease set from prespecified KG relations or shared genes/pathways with explicit thresholds, then map those diseases to OMOP phenotypes and count them.",
Q7.2,"Among SSRI-associated side effects, which are most common in our cohort across different treatment indications?",248,,,41165,7,0,6,1,"The ranking is clear and appropriately caveated, but side effects are defined as any diagnosis recorded after first SSRI exposure without excluding pre-existing symptoms, limiting follow-up, or establishing attribution. Overlapping indications and differential observation may materially affect the reported prevalences.",1,"The ranking that ""the top three everywhere are insomnia, constipation, and headache"" is based on any selected diagnosis occurring at any time after first SSRI exposure, without a finite risk window, baseline exclusion, active-treatment requirement, or comparator. Indications are lifetime diagnoses rather than linked treatment indications, groups overlap, and both indication and side-effect concept sets use a small hand-picked list of exact concept IDs rather than validated descendant sets. Define new-user episodes, require a pre-exposure washout and indication window, use curated concept sets, and estimate post-initiation excess risk with uncertainty.",
Q7.3,"Among statins, which show lower short-term myopathy signals and fewer 30-day CK spikes?",664,,,46305,14,0,14,1,"The response transparently presents two signals and appropriately emphasizes ascertainment and confounding. However, it does not exclude pre-existing myopathy or baseline CK elevation, and CK rates are calculated only among a highly selected tested subset, producing implausibly high values that are not comparable across statins. The ranking should be framed as crude surveillance signals rather than evidence that rosuvastatin or pravastatin is safer.",1,"`WHERE de.drug_concept_id IN (1545958,1510813,1539403,1551860,1592085)` defines first-ever use only among five reported statins, so prior fluvastatin/pitavastatin users can be misclassified as new users despite the first-ever claim. Identify each person's first exposure across all statin descendants (with adequate prior observation), then restrict the reported comparison if small agents are to be omitted.",
Q7.4,"Among drugs linked to weight gain, which are most often associated with new weight-gain codes within 90 days here?",1100,,,46169,9,0,8,0,"The reported rate ranking contradicts its own underlying results: clozapine is highest at 5.95 per 1,000, and prednisone, citalopram, and sertraline also exceed several drugs described as leaders. The 18-drug set is hand selected rather than shown to derive from the KG, so the answer is neither a correct ranking nor a complete analysis of KG-linked drugs.",1,"The final cohort is restricted to a hand-picked `JOIN (VALUES ... 18 ingredients ...)` list, so it cannot establish which drugs are most often associated across all drugs linked to weight gain, and completeness is not justified. Define the candidate set from an explicit curated ontology/source (or label the result as a non-exhaustive subset), then retain the otherwise appropriate ingredient-descendant, first-exposure, and 90-day logic.",
Q7.5,"Among drugs linked to reduced gastric acidity, which are most often followed by C. difficile codes within 5 years?",418,,,72913,5,0,5,1,"The acid-suppressing drug set, temporal window, and causal caveats are appropriate. However, the query compares each exposure only with the patient's first-ever C. difficile diagnosis; patients with a pre-exposure CDI and a recurrent post-exposure CDI are incorrectly counted as having no event. It also lacks a five-year observation requirement, so rates are differentially censored. The ranking is useful descriptively but the reported rates are under-ascertained.",1,"`MIN(co.condition_start_date) AS first_cdiff_date` is calculated over each patient's entire record, so a patient with any pre-exposure C. difficile code is never counted even if another code follows the drug within 5 years. Join condition occurrences to each exposure and test for any post-exposure code, or explicitly define an incident-CDI cohort with a documented clean lookback.",
Q7.6,"Among immune pathways connected to RA in the KG, which pathway-defined drug classes are most frequently used here?",146,,,75383,7,0,7,0,"No RA-connected KG pathways were retrieved; ATC immunosuppressant classes were substituted, so the requested pathway-defined comparison was not answered.",0,"Final ""WHERE atc.vocabulary_id = 'ATC' AND atc.concept_code LIKE 'L04%'"" substitutes all ATC immunosuppressant classes for the requested KG-derived RA-connected pathways; first traverse RA-to-pathway and pathway-to-drug/class KG edges, then quantify those mapped classes in the RA cohort.",
Q7.7,"Among bronchodilator mechanisms described in the KG, which are most represented by active prescriptions in our COPD cohort?",1129,,,43915,16,0,14,1,"The ranking is a reasonable ATC proxy, but it did not use actual KG mechanism edges and defined active prescriptions by end date relative to 2026-07-27 without confirming dataset recency, producing a very small and potentially nonrepresentative current cohort.",0,"The response states that ""ATC 4th-level classes serve as the mechanism grouping"" after finding no KG mechanism edges, so it substitutes therapeutic ATC classes for the mechanisms explicitly requested and omits mechanisms not captured by those four hand-selected labels. Use the actual KG mechanism relations (or report that the requested analysis is unavailable), map all KG-derived bronchodilator ingredients, and define active medication from a validated era/current-medication window rather than null end dates alone.",
Q7.8,"Among drug classes associated with electrolyte disturbances in the KG, which ones most often precede abnormal electrolytes in our data within 30 days?",5026,,,95861,33,0,23,0,"The response did not derive electrolyte-associated drug classes from the requested knowledge graph; it substituted a manually selected set of ATC classes from the OMOP vocabulary and then omitted additional classes after timeouts. It also applies fixed abnormality cutoffs without demonstrating consistent units and does not exclude baseline abnormalities. The resulting incomplete, hand-selected ranking therefore does not answer the KG-to-EHR question reliably.",0,"The workflow never derives classes from the requested MedCP KG; it substitutes a manually chosen OMOP list in `atc.concept_code IN (...)` and even omits timed-out classes from the ranking. Query the actual KG relationship(s) linking drugs/classes to electrolyte disturbances, map the complete returned class set to OMOP concepts, and compute the same 30-day outcome for every mapped class (with unit-aware lab thresholds).",
Q7.9,"Among ADHD-related neurotransmitter pathways in the KG, which pathway-aligned medications are used most frequently here?",225,,,78261,6,0,4,1,"The response provides a clear mechanism-based medication ranking and explicitly warns that clonidine's non-ADHD uses inflate the leading class. However, the requested ADHD pathways were not retrieved from the KG, medication counts were not restricted to patients with ADHD, and broad all-indication clonidine/guanfacine use materially affects the ranking; the result is therefore a caveated substitute rather than a fully matched answer.",0,"The required KG-derived pathway/medication set was never obtained; the final query substitutes ad hoc `LOWER(c.concept_name) LIKE ...` groupings and counts all clonidine/guanfacine exposures across non-ADHD indications, producing an acknowledged inflated winner. First extract the ADHD pathway–drug links from the intended KG, map those drugs to validated OMOP ingredient descendants, and then count them in an explicitly defined ADHD cohort (or clearly label an all-database utilization analysis).",
Q7.10,"Among antimicrobial classes with high resistance signals in the KG, which are most often prescribed here, and how frequently are treatment changes coded within 7 days?",1226,,,42551,8,0,7,0,"The response does not identify high-resistance-signal classes from the requested KG and instead substitutes a manually chosen literature-based set. The ATC-3 groupings are too broad to distinguish key resistance-relevant subclasses, and a different-class start within 7 days is not a coded treatment change—it commonly represents planned combination therapy, adjunctive treatment, or IV-to-oral sequencing. Thus neither the exposure ranking nor the change rates answer the specified KG-linked question.",0,"The response states `I can't derive resistance rankings from a KG` and substitutes literature-selected classes, so the required KG-defined high-resistance cohort was never computed. Query the KG for the actual high-resistance class set first, map those classes to OMOP/ATC descendants, and restrict prescribing and 7-day change calculations to that mapped set.",
Q8.1,"In postmenopausal osteoporosis, do anabolic agents yield lower 180-day fracture admissions than oral bisphosphonates?",375,,,72525,6,0,6,0,"The purported oral-bisphosphonate set includes additional bisphosphonate ingredients without restricting oral formulation, while patients can enter both arms and postmenopausal osteoporosis need not precede treatment. There is no new-user washout or complete follow-up, and index-day fractures may be counted, so the treatment comparison is materially invalid despite appropriate confounding caveats.",0,"The comparator is not actually restricted to oral therapy: `bisp ... SELECT descendant_concept_id ... WHERE ancestor_concept_id IN (...)` takes every product descendant of the ingredient set without filtering dose form/route, so parenteral bisphosphonate exposures can enter the purported oral arm. Moreover, `pmo` has no diagnosis date, allowing treatment index before postmenopausal-osteoporosis diagnosis, and the per-class first starts allow the same patient in both arms. Build mutually exclusive new-user cohorts after diagnosis, restrict bisphosphonate descendants to oral products/routes, and require 180-day observation.",
Q8.2,"In UTI associated with gram negatives, does initial carbapenem therapy vs a narrow-spectrum agent reduce 60-day recurrence?",1429,,,86409,18,0,18,1,"The crude recurrence estimates, confidence intervals, follow-up requirement, and confounding-by-indication warning are strong. However, the index requires only a free-text gram-negative urine culture rather than a temporally linked symptomatic UTI diagnosis, so asymptomatic bacteriuria/colonization may enter, and 'initial' therapy ignores other antibiotic classes and prior treatment.",0,"`idx AS (SELECT person_id, MIN(c_date) AS idx_date FROM gn_culture GROUP BY person_id)` defines the cohort from a culture result alone and never requires a contemporaneous UTI diagnosis/episode, so colonization or asymptomatic bacteriuria can enter a study framed as gram-negative UTI. Require a UTI condition/encounter linked within a prespecified window of the positive culture, then compare treatment groups with confounder adjustment or report the result explicitly as a crude association.",
Q8.3,"After a severe COVID-19 hospitalization, what are the most frequent new diagnoses within 180 days, and how do they cluster biologically?",782,,,77100,7,0,6,1,"The ranked post-discharge diagnoses and organ-system clustering are clear and appropriately distinguished from attributable COVID risk. However, severe COVID is defined only as any inpatient stay overlapping a COVID code, without ICU, respiratory-support, or severity criteria; 180-day follow-up is not required, and incident status excludes only the identical concept rather than related diagnosis descendants, so both cohort and new-diagnosis classification are imperfect.",1,"""Severe"" is defined only as any inpatient stay overlapping COVID, without ICU, ventilation, oxygen, or organ-support evidence; incident status excludes only the exact same concept in the prior year, so related parent/child diagnoses can be mislabeled new, and complete 180-day follow-up is not required. Apply a validated severe-COVID phenotype, phenotype-level baseline exclusion, full follow-up, and reproducible hierarchy/pathway-based clustering rather than manual assignment.",
Q8.4,"What are the most frequent categories of diagnoses in the 90 days following a cardiovascular event, and how are these diagnoses biologically related?",692,,,74921,9,0,8,1,"The response offers a useful descriptive synthesis and explicitly notes re-documentation and surveillance bias. However, percentages use only patients with any follow-up diagnosis rather than the full event cohort, categories are manually inferred rather than counted as mutually defined groups, and repeated index-event or pre-existing diagnoses are interpreted as recurrent/progressive disease without incident-event logic.",0,"The final frequency query `GROUP BY c.concept_id, c.concept_name` ranks individual diagnoses, not diagnosis categories; the category table is manually assembled and no SQL computes distinct patient prevalence for those categories, while no KG/pathway query supports the biological links. Define explicit ontology-driven category ancestors or mappings, count `DISTINCT person_id` per category over the full eligible cohort, and query shared genes/pathways for the leading categories.",
Q8.5,"In severe asthma, do IL-5/IL-5R-targeting biologics achieve greater 90-day eosinophil suppression than anti-IgE therapy, and how do these mechanisms differ?",454,,,92612,10,0,10,1,"The mechanistic comparison is clinically sound and the tiny paired sample is disclosed. However, severe asthma is not explicitly established, only seven patients per class contribute, baseline eosinophils differ substantially, and no uncertainty or formal between-group comparison is provided; the definitive conclusion therefore exceeds the cohort evidence.",0,"The categorical conclusion ""Yes"" is unsupported by only seven paired patients per arm, no between-group test or confidence interval, and a large baseline imbalance. The SQL never requires a severe-asthma diagnosis or phenotype, and it treats implausibly mapped units such as ""Kelvin per microliter"" as 10^9/L without validation. Define the target severe-asthma cohort, validate unit mappings, use prespecified paired measurements, and report a baseline-adjusted class contrast with uncertainty; otherwise present the finding only as an inconclusive exploratory signal.",
Q8.6,Do non-dihydropyridine CCBs have higher 60-day bradycardia codes than dihydropyridines?,184,,,71488,6,0,6,1,"The crude rates answer the descriptive question and the pharmacologic context is sound, but the 0.12-point difference is presented as a positive finding without uncertainty testing. Pre-existing bradycardia is not excluded, 60-day observable follow-up is not required, and patients can contribute to both class cohorts, so this very small difference is not a robust incident-event comparison.",1,"Despite the comment claiming overlap is avoided, `GROUP BY de.person_id, ... drug_class` creates a separate first date per class, so the same person can enter both cohorts at different times; there is also no observable washout or baseline-bradycardia exclusion. Anchor each patient on the first qualifying CCB class after a defined observation/washout period (with an explicit rule for same-day mixed starts) and exclude or stratify baseline bradycardia.",
Q8.7,"In chronic schizophrenia, do typical antipsychotics have higher 12-month parkinsonism rates than atypical antipsychotics?",1193,,,47169,11,0,11,1,"The incident rates, follow-up requirements, and undercoding/confounding cautions are useful. However, chronic schizophrenia is not operationalized and the final cohort requires only an ever-recorded schizophrenia diagnosis, which may occur after antipsychotic initiation; same-day mixed-class starts are also assigned arbitrarily to atypical therapy.",1,"The response defines ""chronic schizophrenia"" as any schizophrenia diagnosis and does not establish chronicity or ensure the diagnosis preceded initiation. Same-day mixed-class starts are arbitrarily assigned to atypical via `MIN(ap.cls)`, and the unadjusted comparison ignores age, dose, agent, and treatment duration despite strong channeling and sparse events. Require a validated chronic-schizophrenia definition, resolve mixed starts explicitly, and report adjusted risks with confidence intervals and a reproducible statistical test.",
Q8.8,"In HBeAg-positive chronic HBV, nucleotide vs nucleoside polymerase inhibitors regimens show different 180-day HBV-DNA undetectable rates?",288,,,61498,15,0,15,0,"The requested HBeAg-positive cohort was not identified; merely having an HBeAg test is not a valid proxy for HBeAg positivity and can include negative patients. The viral-suppression analysis also applies a single numeric cutoff across multiple HBV-DNA concepts without demonstrating comparable units or detection limits, so the reported class rates do not answer the clinical question.",0,"The cohort condition `de.person_id IN (SELECT DISTINCT person_id ... WHERE measurement_concept_id IN (...HBeAg tests...))` requires only that HBeAg was tested; it neither establishes a positive result nor chronic HBV, so exposures for other indications can enter and the requested population is not analyzed. Require confirmed HBeAg-positive status plus a chronic-HBV phenotype; also normalize HBV-DNA concepts/units before applying the shared `<= 1.9` threshold.",
Q8.9,"In melanoma patients starting checkpoint inhibitors, do pharmacological classes differ by the rate of autoimmune side effects in a 12-month window?",471,,,81612,16,0,16,1,"The class rates and limitations are clearly presented, but the analysis does not require 12-month follow-up or exclude baseline autoimmune diagnoses, and same-day combination therapy is arbitrarily assigned to one monotherapy class. Given these major sources of differential misclassification, stating that the signal is real and in the expected class order overstates what the crude coded-event comparison establishes.",0,"The conclusion ""Yes — irAE rates differ"" is unsupported by any formal comparison or confidence intervals, and same-day ipilimumab+nivolumab combination therapy is assigned arbitrarily to anti-CTLA-4 despite being a distinct, more toxic regimen; the PD-L1 arm has only 25 patients. Create mutually exclusive monotherapy and combination groups, require complete follow-up and baseline irAE exclusion, use validated incident organ-specific phenotypes, and report uncertainty plus adjusted class contrasts before claiming a difference.",
Q8.10,"What are the most frequent health events by category happening within 12 months after ALS diagnosis, and how do they impact the need for mechanical ventilation?",2243,,,88564,17,0,17,0,"Although post-diagnosis event frequencies are partially reported, the database failed before the requested analysis of how these events relate to mechanical ventilation. The 7.9% figure is an ever-ventilated proportion using a very broad support definition and is not linked temporally or analytically to the 12-month events.",0,"The response states that the `marker-vs-ventilation association query ... has not completed`, so the key requested analysis of how early event categories affect subsequent ventilation need is uncomputed. In addition, `vent_persons` uses ventilation records at any time (`WHERE p.person_id=e.person_id` with no date predicate), allowing pre-ALS support into the outcome. Re-run an executable analysis that defines first post-diagnosis ventilation and relates only preceding 12-month events to that outcome.",
Q9.1,"Among people with lung cancer receiving chemotherapy, what are the 12-month rates of neurotoxicity and cardiotoxicity by treatment class?",4148,,,50589,18,0,18,0,The response is incomplete because the database timed out before any 12-month neurotoxicity or cardiotoxicity rates were obtained. Reporting only treatment-class cohort sizes does not answer the requested clinical comparison.,0,"The key 12-month rate query timed out, and the response explicitly says `The 12-month toxicity-rate query ... exceed[s] the 600-second limit`, so no requested neurotoxicity or cardiotoxicity rates were computed. Re-run an executable patient-level query using a correctly indexed post-diagnosis class exposure and validated outcome concept sets, then report observed 12-month numerators and denominators.",
Q9.2,"In suspected pulmonary embolism encounters, how often is D-dimer ordered and positive, and which symptom/comorbidity clusters are most associated with confirmed PE within 7 days?",12632,,,63050,23,0,22,0,"The suspected-PE cohort is defined by having a D-dimer order, making the reported ordering frequency 100% by construction and excluding suspected encounters without testing. The positivity threshold also treats DDU and FEU as equivalent despite their approximate twofold conversion, and the ±7-day condition clusters can include consequences or concurrent confirmation features rather than baseline predictors.",0,"The cohort is defined by `WHERE m.measurement_concept_id IN (...)` for D-dimer itself, making the reported ordering rate 100% by construction and preventing the requested estimate among independently identified suspected-PE encounters. Build a suspected-PE encounter cohort from PE-rule-out symptoms/CTPA or another independent operational definition, then left join D-dimer orders/results; derive symptom/comorbidity combinations at the encounter level and compare them with PE diagnosed within 7 days.",
Q9.3,"In new atrial fibrillation, what 90-day rates of stroke/TIA and bleeding do we observe by initial anticoagulant class?",4266,,,40369,10,0,9,0,The connection failure prevented construction of the new-AF cohort and all 90-day stroke/TIA and bleeding estimates. General anticoagulant exposure counts do not answer the question.,0,"The response reports that the new-AF cohort and both outcomes ""did not complete"" and provides only anticoagulant exposure counts from the full database, so none of the requested 90-day class-specific rates are available. Rerun after connection recovery with an observable AF-free baseline, one initial chronic-anticoagulant assignment, complete 90-day follow-up, and validated stroke/TIA and bleeding phenotypes.",
Q9.4,"In cirrhosis outpatients, what 12-month rates of variceal hemorrhage and hypotension/syncope occur with non-selective beta-blockers versus no beta-blocker therapy?",2010,,,86011,13,0,13,1,"The crude comparison is clearly caveated, but exposure assignment includes NSBB starts up to 90 days after index, creating immortal-time bias, and the event query uses each patient's earliest-ever event without a baseline washout, so the reported rates are not a clean new-user 12-month comparison.",0,"Exposure is assigned from an NSBB start ""BETWEEN DATEADD(day,-90,e.index_date) AND DATEADD(day,90,e.index_date)"" while outcome follow-up begins immediately after index, so future treatment during the first 90 days can define the exposed group after outcomes have started. Assign therapy at index (or use a day-90 landmark and begin follow-up afterward), require an incident-user washout, and handle baseline/recurrent outcomes explicitly.",
Q9.5,"In gout management, what 12-month rates of gout-flare codes and uric acid control (<6 mg/dL) occur with allopurinol versus febuxostat as first urate-lowering therapy?",1987,,,49250,17,0,17,0,"The database timed out before either requested 12-month outcome was computed, so the response provides only cohort denominators and does not answer the flare-rate or uric-acid-control comparison.",0,"The key analytic step failed: `The two outcome queries ... never completed`, so no 12-month flare or urate-control rates were computed. Re-run an optimized executable cohort/outcome query and report arm-specific numerators and denominators; also define first ULT against all relevant prior urate-lowering therapies, not only allopurinol/febuxostat.",
Q9.6,"In RA, what 6-month rates of infection and liver-test elevations occur by biologic class?",3502,,,49466,16,0,16,0,The response reports only cohort denominators and no 6-month infection or liver-test elevation rates for any class. Repeated database timeouts leave the central outcomes unanswered.,0,"The response reports only cohort denominators and explicitly states that no infection or liver-test outcome query completed, so it provides none of the requested 6-month rates. It also groups JAK inhibitors with biologics and proposes an unvalidated fixed ALT/AST threshold without unit checks. Rerun to completion with incident, mutually exclusive treatment classes, complete follow-up, validated infection and assay-specific liver phenotypes, and report class-specific rates with confidence intervals.",
Q9.7,"In idiopathic pulmonary fibrosis, what 6-month rates of ALT/AST elevations and diarrhea codes occur with nintedanib versus pirfenidone, and what is the candidate mechanism?",4575,,,58245,8,0,7,0,"The mechanism discussion is broadly plausible, but the hepatic outcome is not validly defined: a universal 40 U/L ULN is assumed, and any generic 'high' lab flag is counted as >3× ULN even though it may represent a minimal elevation. Baseline abnormalities and complete six-month observation are also not addressed, so the reported comparative transaminase rates are clinically unreliable.",1,"The hepatic outcome mixes `m.value_as_number > 120` with `m.value_as_concept_id ... -- high`: 120 assumes a universal ULN of 40 and compatible units, while the high flag can represent any elevation rather than >3×ULN. Define the endpoint consistently, using unit-standardized values and each row's `range_high` (for example value > 3*range_high), and require adequate 6-month observation; also address patients who receive both drugs.",
Q9.8,"In endometriosis, what 12-month rates of chronic-pain and opioid-prescription codes occur after laparoscopic ablation versus medical therapy?",2075,,,49087,17,0,17,0,"The database failed before either cohort size or requested 12-month chronic-pain and opioid-prescription rate was computed, so the response does not answer the comparative question.",0,"The furthest analytic query ends with `SELECT 'ablation' AS cohort, COUNT(*) ... UNION ALL SELECT 'medical', COUNT(*)` and timed out; no executed query computes either 12-month chronic-pain or opioid-prescription rate. Resolve concept sets first, build dated endometriosis/index cohorts with 12-month observability, then execute distinct-person outcome counts within `index_date` to `DATEADD(day,365,index_date)`.",
Q9.9,"In combined oral contraceptives versus progestin-only methods, what 12-month rates of venous thromboembolism and migraine codes are observed?",338,,,93709,15,0,15,0,"The progestin-only cohort is not restricted to contraceptive methods and explicitly includes oral progestins used for HRT or abnormal bleeding plus emergency contraception, without contraceptive-age restriction. This creates a clinically different, older and higher-risk comparator; prevalent outcomes are also counted, so the reported VTE and migraine rates do not validly answer the method comparison.",0,"`GROUP BY d.person_id, d.drug_concept_id` creates one index per product, not one first exposure per method class, so outcomes are counted if they fall within 365 days of any product-specific date and patients can contribute to both groups. The ingredient-only classification also does not enforce oral COC products and knowingly includes noncontraceptive/HRT and emergency products in POP. Build validated route/dose contraceptive product sets, assign each patient one class-level index (with a clear crossover rule), then count outcomes from that index.",
Q9.10,"In CKD G4-G5, what 6-month rates of hyperkalemia and acidosis events are observed by potassium-sparing vs potassium-wasting diuretic exposure?",6916,,,46040,7,0,6,1,"The response reports the requested class-specific 6-month proportions and appropriately explains confounding by indication. However, it omits group denominators and event counts from the final answer, allows patients to enter both exposure groups, and does not exclude baseline hyperkalemia or acidosis, so these are crude post-exposure prevalence proportions rather than clean incident comparative rates.",0,"The exposure groups are explicitly ""Not mutually exclusive,"" so the same patient can contribute a separate first index to both classes; outcomes also include pre-existing hyperkalemia/acidosis recoded after index, and full 183-day follow-up is not required. Construct one mutually exclusive new-user index after observed washout, exclude baseline outcomes, require complete follow-up or censoring/person-time methods, and adjust for CKD severity, RAAS inhibitors, baseline potassium/bicarbonate, and treatment indication.",
Q10.1,"Among dopamine-agonist side effects, which are more common in Parkinson's patients starting these drugs in our cohort within 6 months of prescription?",255,,,74777,10,0,10,1,"Post-index diagnoses were called new-onset without excluding baseline conditions or requiring 6-month observability, so common Parkinson-related insomnia and constipation cannot be attributed to dopamine agonist initiation.",1,"Final outcome join counts any post-index code but has no pre-index ""NOT EXISTS"" exclusion despite describing events as new-onset, so recurrent baseline PD symptoms such as constipation or insomnia can dominate; exclude each side-effect phenotype during a defined lookback and require complete 183-day observation.",
Q10.2,Collect information about comorbidities related to readmission within 6 months after an index stroke; what comorbidities show the strongest association?,601,,,79175,9,0,9,1,"The analysis appropriately reports unadjusted associations, but labels all subsequent inpatient/ER-inpatient visits as unplanned readmissions without excluding planned encounters and does not require complete 6-month follow-up, which can bias the comparison.",0,"The response calls the outcome ""unplanned inpatient readmission"", but the query flags any visit with ""vo2.visit_concept_id IN (9201,262)"" and contains no planned/unplanned criterion; it also does not require complete 180-day observation or account for death. Define all-cause versus unplanned readmission accurately, require observable follow-up (or use censoring/competing-risk methods), and report adjusted associations with confidence intervals rather than ranking unadjusted ORs alone.",
Q10.3,"Cancer-associated thrombosis on LMWH who transition to a DOAC: which DOAC shows fewer 90-day bleeding admissions, and what target/pathway interactions could explain differences?",10063,,,51520,17,0,17,0,The response is incomplete because the database timed out before any 90-day bleeding-admission numerators or rates were obtained. Switcher cohort sizes and an external pharmacologic prediction that apixaban should bleed less do not answer which DOAC actually showed fewer admissions in this cohort.,0,`The 90-day post-switch bleeding-admission counts did not complete` means the key outcome was never computed; `The consistent prediction is therefore fewer ... on apixaban` is hypothetical rather than supported by the database. Run an executable final query that produces patient-level 90-day bleeding-admission numerators and denominators for each DOAC before naming the lower-risk agent.,
Q10.4,"Among post-MI patients with reduced ejection fraction, which beta-blocker class (highly beta-1 selective vs less selective) shows a lower 90-day all-cause readmission proportion, and what receptor signaling might support the difference?",336,,,78324,8,0,8,0,"Treatment and outcome timing are fundamentally misaligned: the query takes each patient's earliest-ever beta-blocker, excludes prior users rather than finding the first post-MI start, allows treatment to begin arbitrarily late, and measures readmission from MI rather than treatment initiation. Systolic HF is also accepted at any time. The resulting class comparison is not clinically interpretable.",0,"Readmission is counted from ""rv.visit_start_date > idx2.mi_date"" rather than after the index hospitalization's discharge, so transfers, overlapping/nested visits, or another visit during the same admission can be misclassified as readmissions; the ~70% rates signal this problem. Retain the index visit/end date, count only new inpatient admissions after discharge, require systolic dysfunction to be documented near/before index, and ensure complete 90-day follow-up.",
Q10.5,"In T2DM with obesity, which first-line strategy (GLP-1 RA vs SGLT2 inhibitor) shows a higher 6-month weight-loss code proportion, and what metabolic signaling could explain it?",7642,,,45879,10,0,10,0,"The pharmacologic mechanism discussion is accurate, but the clinical comparison is not a first-line T2DM analysis: it merely selects whichever of these two classes appeared earlier, without excluding prior glucose-lowering therapy, and obesity/T2DM need not precede index. The outcome also mixes actual weight-loss findings with weight-loss counseling, so the reported proportions do not represent comparable weight-loss events.",0,"The analysis does not establish the requested first-line T2DM-with-obesity strategy: `cohort AS (SELECT t.person_id FROM t2dm t JOIN obesity o ON o.person_id=t.person_id)` ignores whether both diagnoses precede index, while `ROW_NUMBER() ... ORDER BY dt` selects only the earlier of these two classes rather than a treatment-naive first-line diabetes therapy. Require T2DM and obesity on/before index, an adequate prior-observation washout with no glucose-lowering therapy, and expand T2DM/weight-loss phenotypes through validated descendants.",
Q10.6,"In frequent-exacerbator COPD, which maintenance approach (LABA/LAMA vs ICS-inclusive) shows a lower 12-month exacerbation-visit proportion, and what immunologic pathways might underlie this?",4624,,,54058,19,0,19,0,"The database analysis never produced the frequent-exacerbator cohort or the requested 12-month exacerbation-visit proportions. The stated preference for ICS-inclusive therapy is an expected literature-based direction rather than an evidence-backed result from the cohort, so the central comparative question remains unanswered.",0,"The response explicitly states, ""What I could not finish: the frequent-exacerbator restriction ... and the 12-month post-index exacerbation-visit proportion per group,"" so it provides neither requested cohort nor comparative outcome. The asserted expected advantage for ICS-inclusive therapy is literature-based speculation, not a result from the data. Rerun the analysis after the timeout, use distinct exacerbation episodes rather than raw diagnosis rows, require baseline and follow-up observability, define mutually exclusive incident regimens, and report the observed contrast with uncertainty before adding pathway interpretation.",
Q10.7,"In treatment-resistant depression, which escalation (ketamine-based vs ECT) yields a lower 90-day psychiatric readmission proportion, and what neurotransmitter/circuit mechanisms support it?",1744,,,49659,17,0,16,0,"The analysis does not establish treatment-resistant depression: it includes any depressive disorder without documented treatment failures. It also labels any inpatient visit as psychiatric readmission without requiring a psychiatric diagnosis, so both the target cohort and primary outcome are materially misclassified.",0,"Major cohort/outcome mismatch: `WHERE ca2.ancestor_concept_id = 440383` requires only any depressive-disorder diagnosis, not treatment resistance, while `vo.visit_concept_id = 9201` counts every inpatient admission as psychiatric. Define TRD using documented failure of adequate prior antidepressant trials before escalation (or a validated TRD phenotype), and require the 1–90-day readmission visit to carry a psychiatric diagnosis.",
Q10.8,"In aggressive RA, which strategy (biologic + methotrexate vs triple conventional DMARDs) shows a lower 90-day flare proportion, and what immune-pathway differences may explain it?",2765,,,47328,18,0,18,0,"The database failed before either treatment arm or the requested 90-day flare proportions were computed. The conclusion favoring biologic plus methotrexate is substituted from general literature and mechanism rather than supported by this cohort, so the primary comparative question is unanswered.",0,"The response explicitly says `computing the per-arm 90-day flare proportion` is blocked, and no executed query produces either treatment cohort or its flare numerator/denominator; the claimed biologic+MTX advantage is therefore literature-based/hypothetical rather than computed from the requested cohort. Complete executable regimen-overlap/index logic for both mutually exclusive strategies and query incident flares within 90 days before stating which arm is lower.",
Q10.9,"In severe ulcerative colitis, which biologic class (TNF inhibitor vs gut-selective integrin) shows a lower 60-day steroid-rescue proportion, and what trafficking/inflammation biology supports it?",163,,,42679,5,0,5,0,"Severe UC is defined only by any inpatient stay near biologic initiation, without requiring a UC-related admission or acute-severe phenotype. Any subsequent steroid exposure is labeled rescue without excluding baseline or planned induction overlap; the 92-94% rates strongly suggest this misclassification, so the severe-cohort comparison is not clinically valid.",0,"The final rescue definition only uses `s.dt > c.index_date AND s.dt <= DATEADD(day,60,c.index_date)` despite claiming a steroid-free baseline, so routine continuation/refills of pre-index steroids are counted as rescue; the 92–94% comparison does not measure the requested endpoint. Exclude patients with systemic steroid exposure in a prespecified pre-index washout (or model a new steroid episode after a clean gap) and tie the inpatient index to an active severe-UC admission.",
Q10.10,"In older adults with multimorbidity, which polypharmacy reduction pattern (deprescribing anticholinergics vs sedative-hypnotics) is followed by a lower 90-day fall proportion, and what neurochemical mechanisms could explain it?",11294,,,62148,24,0,23,0,"A drug-era end is treated as deprescribing, although it may simply reflect a completed prescription or data gap. The purported no-restart check compares later era end dates rather than restart start dates, so reduction is not established; consequently the enormous cohorts and sparse fall proportions do not validly compare deprescribing patterns.",0,"`ae2.stop_date > ae.stop_date AND ae2.stop_date <= DATEADD(day,90,ae.stop_date)` checks the later era's end, not whether treatment restarted within 90 days, so the purported deprescribing cohorts can include early restarters and the reported fall comparison is misclassified. Exclude any same-class era with `drug_era_start_date > index_stop` and `<= DATEADD(day,90,index_stop)` (and anchor age/multimorbidity to the index date).",
