person_id,gender,year_of_birth,first_visit_year,died,n_drug_rows,n_distinct_drugs,n_meas_rows,fentanyl,hydromorphone
-9066461348710750663,M,2125,2185,1,111,70,3135,1,0
-8993675534959689080,M,2116,2181,0,48,26,1049,0,0
-8970844422700220177,M,2114,2148,0,180,87,2597,0,0
-8928428202649726867,F,2119,2185,0,89,58,1008,0,1
-8891617624507360381,F,2067,2134,0,60,39,801,0,0
-8769042030325953499,M,2138,2182,0,18,15,414,0,0
-8659404739579738033,F,2066,2155,1,119,62,1677,0,1
-8492299714241840941,M,2043,2113,0,86,58,1359,0,0
-8352232581952957278,F,2059,2137,0,60,28,797,0,0
-8254164865273971123,M,2094,2150,0,418,103,8553,1,0
-8205283012979532608,F,2103,2189,0,56,35,516,0,0
-8090189584974691216,M,2118,2174,0,44,29,652,0,0
-7938198040010520706,F,2070,2137,0,133,68,2366,0,0
-7671795861352464589,F,2052,2115,1,99,50,2398,0,0
-7636167699948083600,F,2105,2143,0,258,101,1833,0,1
-7437341330444582833,F,2058,2113,0,126,69,657,0,1
-7391666713304457659,F,2084,2110,0,140,58,1957,0,1
-6681895148320589913,M,2059,2131,0,103,68,4396,1,0
-6525152599927900344,M,2052,2124,0,171,102,1463,0,0
-6289874722419061830,F,2104,2144,0,59,27,1223,0,0
-6225647829918357531,F,2083,2148,0,487,164,11846,1,0
-6022656226246460545,F,2104,2125,0,258,103,1679,0,1
-5829006308524050971,M,2086,2131,0,121,62,4102,1,0
-5342370696241135313,M,2033,2111,0,135,84,2839,0,0
-4873075614181207858,M,2075,2124,0,157,106,1369,0,0
-4502092208250381979,F,2071,2154,0,138,63,2938,0,0
-4353160957725823366,M,2077,2146,1,320,116,11530,1,0
-4234372750442829205,M,2090,2153,0,86,43,1025,0,1
-4183220989401122518,F,2031,2113,0,34,18,375,0,0
-3908355835367628651,F,2062,2134,1,687,178,14508,1,0
-3780452582396805474,F,2058,2115,0,67,28,857,0,0
-3611589607736625713,M,2123,2187,0,63,45,1051,1,0
-3420195391796315831,M,2115,2185,0,110,82,1226,0,0
-3210373572193940939,M,2079,2146,0,88,58,892,0,0
-3024822967781525875,M,2050,2120,0,104,61,695,0,0
-2575767131279873665,M,2050,2116,0,37,29,1229,0,0
-2500070523286875699,M,2134,2200,1,141,65,1034,0,0
-2312013739856114142,M,2030,2114,1,90,51,738,0,0
-2286362762396278035,F,2073,2123,0,188,92,5794,1,0
-2067961723109232727,F,2106,2169,0,76,39,2595,0,0
-1616052813658226820,F,2074,2137,0,50,34,3875,0,0
-1210657672714831684,M,2054,2133,0,433,133,8743,1,1
-1115201667562228350,F,2062,2153,0,89,47,1175,0,0
-1095016967997700156,M,2041,2125,0,45,29,427,0,0
-775517641933593374,M,2149,2196,0,246,110,3468,1,0
-626229666378242477,M,2117,2170,1,523,149,9484,1,1
-458664721446908388,F,2061,2120,0,44,32,353,0,1
225226226646982867,M,2058,2141,0,45,28,780,0,0
349862308128216812,M,2089,2146,0,387,123,3617,0,1
421426604671948641,F,2119,2147,0,163,82,5135,1,1
579254014084392336,M,2038,2115,1,266,123,5861,0,0
817543968614095114,M,2125,2167,0,123,81,929,0,0
1105072502834179413,M,2136,2187,0,154,77,3551,1,1
1194579079287927665,M,2089,2176,1,356,132,5033,1,0
1258460361496302149,F,2108,2136,0,150,63,2470,0,0
1484542834460282651,M,2099,2161,0,107,72,910,0,0
1532249960797525190,F,2106,2166,0,77,47,1658,0,0
1740609625029317924,M,2093,2184,0,26,23,668,0,0
1741351032930224901,F,2097,2174,0,434,117,2755,0,0
2161418207209636934,M,2060,2141,0,113,63,2062,0,0
2188642953583197091,F,2102,2144,0,58,34,573,0,0
2213013192725646311,M,2122,2182,1,83,47,2848,1,0
2288881942133868955,F,2102,2157,0,94,43,8122,0,0
2341788304019377091,F,2130,2201,0,186,73,8428,1,0
2601314283911413076,M,2070,2136,1,63,49,505,0,0
2631971469928551627,M,2085,2119,0,61,41,662,1,1
3129727379702505063,F,2145,2192,0,91,55,3962,0,0
3192038106523208432,F,2083,2136,0,270,82,1168,0,1
3589912774911670296,M,2095,2153,0,166,79,1305,0,0
3665089643642765251,M,2085,2172,0,74,49,575,0,0
3773668700451843725,F,2070,2129,0,73,49,1243,0,0
3912882389848878631,M,2084,2129,0,24,16,294,0,0
4087485459037740014,M,2096,2160,0,50,35,377,0,0
4239478333578644568,M,2111,2177,0,63,37,504,0,0
4352191084057402257,M,2066,2132,1,435,159,9248,1,0
4498126063475867818,F,2075,2154,0,322,129,12264,1,1
4668337230155062633,M,2073,2116,0,479,136,11201,1,1
4783904755296699562,M,2049,2112,1,791,242,15555,1,1
4985579811051920670,F,2064,2110,0,69,42,928,0,0
5548892236933978704,M,2073,2142,0,55,30,243,0,0
5734523979606454056,F,2069,2157,0,41,25,531,0,0
5863607150722936210,F,2092,2138,0,620,208,13062,1,0
5894416985828315484,F,2055,2118,0,168,77,1801,0,0
6128703162302148003,F,2120,2178,0,175,69,5284,0,0
6339505631013617478,M,2059,2111,1,63,37,1154,1,0
6543064765547201849,M,2133,2161,0,91,58,704,0,1
7131048714591189903,M,2133,2186,0,644,184,3575,0,0
7155255168997124770,M,2086,2146,0,1182,235,11335,0,0
7262671035615120930,F,2094,2142,0,230,103,2978,1,0
7427037643503998178,F,2084,2175,0,152,70,2184,0,0
7489836918826771862,M,2123,2174,0,184,82,3717,1,0
7633320537823105326,M,2136,2180,0,135,73,1129,0,0
7708191038975000369,M,2062,2140,0,121,75,1370,0,0
7918537411740862407,F,2055,2128,0,225,97,27175,0,0
8009761406928052418,M,2130,2189,0,104,72,1975,0,0
8090044958540695372,F,2079,2143,0,716,195,4840,1,0
8480470964666031560,M,2043,2125,0,87,50,2400,0,0
8527170356523164323,F,2128,2180,0,81,35,1688,0,0
8692405834444096922,M,2119,2167,0,43,28,724,0,0
8805478484003283429,M,2062,2114,0,64,42,792,0,0