v,n
SR (Sinus Rhythm),6531
AF (Atrial Fibrillation),2405
ST (Sinus Tachycardia),2302
V Paced,502
SB (Sinus Bradycardia),390
A Paced,153
4019,68
1st AV (First degree AV Block),66
E785,57
2724,55
E039,47
A Flut (Atrial Flutter),35
E1122,34
42731,34
I2510,33
25000,33
I10,32
F329,32
N179,31
311,30
41401,28
40390,27
F419,26
E119,26
5849,25
4280,25
Z955,24
3051,24
I4891,23
2859,23
E669,22
53081,22
J449,21
F17210,21
5990,21
27800,21
D62,20
M109,19
I129,19
G4733,19
C9110,19
JR (Junctional Rhythm),18
I5032,18
E1165,18
D649,18
2720,18
K219,17
2761,17
E11621,16
D696,16
5853,16
5845,16
N390,15
I480,15
E871,15
I5023,14
G8929,14
E11649,14
5859,14
51881,14
2449,14
SA (Sinus Arrhythmia),13
N183,13
E872,13
49390,13
N186,12
I5033,12
I110,12
E8782,12
30500,12
30000,12
2762,12
J9601,11
J45909,11
I272,11
E8798,11
E1142,11
4240,11
I5022,10
E875,10
78959,10
2875,10
2749,10
25002,10
V08,9
I252,9
I214,9
I130,9
E43,9
E1152,9
AV Paced,9
78820,9
496,9
2767,9
2760,9
25012,9
Z89421,8
N189,8
I959,8
I120,8
D631,8
99592,8
486,8
4589,8
412,8
2809,8
25062,8
Y848,7
R740,7
R6521,7
K766,7
K7031,7
J189,7
I340,7
G4700,7
G40909,7
E780,7
E6601,7
A419,7
5180,7
34830,7
33829,7
28860,7
2768,7
20300,7
04149,7
00845,7
V4987,6
SVT (Supra Ventricular Tachycardia),6
R570,6
R339,6
R0902,6
N184,6
N170,6
K7581,6
J9811,6
J95851,6
I8510,6
I671,6
F259,6
F10239,6
F1021,6
F10129,6
E7800,6
D6959,6
D689,6
D509,6
B1920,6
99811,6
79902,6
78791,6
70715,6
5770,6
5601,6
5119,6
4241,6
32723,6
30503,6
2930,6
28529,6
25082,6
V6284,5
J90,5
J690,5
I69354,5
I509,5
H409,5
G893,5
F39,5
E860,5
E8339,5
D638,5
D630,5
B9689,5
B965,5
99859,5
99591,5
78830,5
78720,5
78552,5
78052,5
7245,5
7102,5
5772,5
5723,5
5715,5
56400,5
56210,5
5070,5
4439,5
42833,5
4271,5
4254,5
4168,5
2851,5
2639,5
20500,5
07070,5
04109,5
Z9911,4
Y831,4
R791,4
R410,4
R319,4
R000,4
LBBB (Left Bundle Branch Block),4
K767,4
K7201,4
K7030,4
K2270,4
J9600,4
J811,4
I4892,4
I319,4
I081,4
G9340,4
F1020,4
F05,4
E883,4
E8781,4
E876,4
E790,4
D469,4
99674,4
7919,4
73300,4
6822,4
56722,4
45829,4
45182,4
4373,4
42823,4
42789,4
41400,4
3485,4
3383,4
30560,4
30390,4
27669,4
27652,4
27651,4
2763,4
25080,4
1123,4
Z21,3
V462,3
R6520,3
R64,3
R600,3
R571,3
R509,3
R4182,3
R34,3
R197,3
R161,3
R079,3
R0789,3
R002,3
N319,3
N141,3
M96831,3
M25512,3
L03116,3
K7290,3
K7010,3
J9691,3
J9621,3
I739,3
I701,3
I495,3
I25110,3
I248,3
G1221,3
F4310,3
F323,3
F200,3
F17200,3
F1010,3
E870,3
E861,3
E46,3
E1140,3
E1136,3
E1121,3
D735,3
D539,3
B954,3
B20,3
9982,3
9971,3
7907,3
78701,3
7850,3
7843,3
78097,3
78039,3
71690,3
71596,3
6827,3
5789,3
5781,3
5730,3
5720,3
5712,3
570,3
5680,3
5641,3
56409,3
5579,3
53550,3
53085,3
5184,3
43820,3
431,3
42822,3
41071,3
40391,3
3572,3
3569,3
34982,3
34839,3
34831,3
34690,3
31401,3
30981,3
30590,3
30393,3
2989,3
29570,3
29420,3
29181,3
2800,3
2753,3
2752,3
24900,3
1543,3
1173,3
1120,3
07054,3
0389,3
03842,3
0088,3
Z9981,2
Z952,2
Z931,2
Z930,2
Z905,2
Z9049,2
Z89431,2
Y838,2
Y832,2
R7989,2
R578,2
R569,2
R5383,2
R51,2
R5081,2
R45851,2
R310,2
R300,2
R2232,2
R21,2
R188,2
R1310,2
R109,2
R001,2
Q6432,2
N400,2
M7989,2
M7981,2
M797,2
M549,2
M5489,2
M545,2
M351,2
M3500,2
L97529,2
L97519,2
K921,2
K861,2
K7469,2
K7200,2
K7040,2
K660,2
K5900,2
K565,2
K449,2
K289,2
K264,2
J9809,2
J910,2
J810,2
I97618,2
I97610,2
I9752,2
I9751,2
I9581,2
I951,2
I871,2
I82622,2
I82412,2
I81,2
I714,2
I70262,2
I69344,2
I5043,2
I5042,2
I5031,2
I5021,2
I482,2
I481,2
I471,2
I428,2
I350,2
I314,2
I313,2
I255,2
I082,2
H3530,2
G92,2
G629,2
G43909,2
F29,2
F209,2
F1910,2
F10251,2
F10229,2
F1019,2
F1011,2
F09,2
F0390,2
E8786,2
E874,2
E873,2
E8654,2
E8120,2
E5112,2
E222,2
E162,2
E118,2
E1169,2
E1151,2
E1010,2
E0865,2
D869,2
D72819,2
D709,2
D688,2
D61818,2
D472,2
C9000,2
C73,2
C6292,2
B9562,2
B9561,2
B3749,2
A047,2
99931,2
99832,2
99749,2
99731,2
99657,2
9168,2
9010,2
8600,2
85221,2
85186,2
8449,2
80704,2
8054,2
8052,2
7994,2
79311,2
78722,2
78609,2
7847,2
78451,2
7842,2
7824,2
7823,2
78194,2
78062,2
7802,2
7318,2
73027,2
72403,2
71594,2
71590,2
71536,2
71535,2
70703,2
6930,2
6929,2
60001,2
60000,2
5989,2
5939,2
5856,2
58389,2
5829,2
5809,2
57450,2
5711,2
56981,2
5693,2
5570,2
5533,2
5531,2
53240,2
53140,2
51889,2
51851,2
515,2
514,2
51189,2
4940,2
4846,2
4820,2
4739,2
45981,2
4580,2
44489,2
4400,2
43889,2
4380,2
43491,2
43310,2
42832,2
42732,2
42612,2
4239,2
4148,2
4142,2
4139,2
41189,2
4111,2
3659,2
3575,2
34590,2
34550,2
3453,2
340,2
33818,2
3240,2
30553,2
30521,2
30501,2
30391,2
30301,2
29900,2
29680,2
29530,2
29411,2
2910,2
28749,2
2869,2
2866,2
28521,2
28419,2
28412,2
2764,2
2662,2
25040,2
25022,2
2411,2
2252,2
1987,2
1985,2
1970,2
1629,2
1419,2
1179,2
11289,2
1122,2
07032,2
04185,2
0417,2
04104,2
03849,2
0380,2
Z933,1
Z1639,1
Z1623,1
Z1621,1
Z1611,1
Y842,1
Y834,1
V8801,1
V860,1
V6441,1
V643,1
V641,1
V6402,1
V4611,1
V090,1
R918,1
R823,1
R7881,1
R680,1
R627,1
R61,1
R55,1
R5381,1
R5084,1
R490,1
R488,1
R4701,1
R3911,1
R2681,1
R2240,1
R200,1
R159,1
R141,1
R1319,1
R1312,1
R12,1
R112,1
R1084,1
R1030,1
R1013,1
R1012,1
R042,1
Q620,1
N401,1
N281,1
N200,1
N12,1
N10,1
M940,1
M86171,1
M810,1
M726,1
M720,1
M719,1
M7071,1
M5430,1
M542,1
M533,1
M5030,1
M47818,1
M47817,1
M40209,1
M25519,1
M25511,1
M1990,1
M19072,1
M19019,1
M19012,1
M19011,1
M179,1
M1712,1
M160,1
M1000,1
L97523,1
L97514,1
L97511,1
L97429,1
L97419,1
L97229,1
L930,1
L89899,1
L853,1
L851,1
L723,1
L570,1
L409,1
L299,1
L281,1
L271,1
L0591,1
L03311,1
L03114,1
K9589,1
K922,1
K860,1
K859,1
K8520,1
K8020,1
K7681,1
K7460,1
K7011,1
K661,1
K659,1
K649,1
K648,1
K6389,1
K635,1
K625,1
K5903,1
K5791,1
K5790,1
K5730,1
K567,1
K56600,1
K5660,1
K521,1
K5190,1
K3580,1
K3189,1
K316,1
K311,1
K2960,1
K284,1
K265,1
K259,1
K255,1
K222,1
K209,1
K047,1
J9690,1
J9622,1
J9610,1
J95811,1
J952,1
J942,1
J918,1
J60,1
J441,1
J398,1
J309,1
J208,1
J159,1
J15211,1
I9789,1
I97131,1
I9589,1
I8511,1
I82621,1
I82612,1
I82432,1
I82422,1
I82401,1
I7789,1
I724,1
I7102,1
I69893,1
I69398,1
I69392,1
I69391,1
I69351,1
I69322,1
I6522,1
I6521,1
I6340,1
I6032,1
I5181,1
I493,1
I472,1
I462,1
I4581,1
I447,1
I427,1
I420,1
I361,1
I330,1
I309,1
I308,1
I2720,1
I2699,1
I2602,1
I2582,1
I25119,1
I25118,1
I132,1
I080,1
I071,1
H8110,1
H6120,1
H548,1
H540,1
H53462,1
H53143,1
H34239,1
H269,1
H1133,1
H04123,1
G936,1
G935,1
G931,1
G8194,1
G8191,1
G44209,1
G43109,1
G40901,1
G3184,1
G3109,1
F603,1
F514,1
F5001,1
F449,1
F447,1
F4329,1
F3340,1
F325,1
F319,1
F309,1
F28,1
F1994,1
F1490,1
F1410,1
F1290,1
F1220,1
F1210,1
F1110,1
F1099,1
E9290,1
E9063,1
E8881,1
E887,1
E8809,1
E8790,1
E8788,1
E8770,1
E8708,1
E8706,1
E8700,1
E8580,1
E806,1
E781,1
E60,1
E59,1
E278,1
E11628,1
E11622,1
E0520,1
E049,1
E042,1
E041,1
E038,1
D89813,1
D721,1
D702,1
D684,1
D6481,1
D599,1
D471,1
D46Z,1
D329,1
D1802,1
D124,1
C9590,1
C946,1
C92Z2,1
C92Z0,1
C9202,1
C9111,1
C7B8,1
C7A8,1
C7889,1
C786,1
C6290,1
C6212,1
C3490,1
C3402,1
C3401,1
C211,1
C029,1
B9681,1
B966,1
B964,1
B9620,1
B961,1
B952,1
B59,1
B441,1
B379,1
B370,1
B356,1
B348,1
B182,1
B181,1
B009,1
A4189,1
A4151,1
A4102,1
A408,1
A084,1
A0472,1
99933,1
99932,1
9986,1
99830,1
99809,1
99702,1
9962,1
9961,1
99604,1
99594,1
9950,1
9623,1
9585,1
9584,1
9331,1
9243,1
92320,1
9086,1
86803,1
86801,1
86405,1
86401,1
86389,1
86121,1
86100,1
8602,1
85220,1
85201,1
83908,1
82111,1
82021,1
82009,1
81600,1
81342,1
81201,1
80707,1
80702,1
80506,1
8020,1
79319,1
7916,1
79021,1
7892,1
78909,1
78900,1
7885,1
78838,1
78829,1
7873,1
78729,1
78702,1
78652,1
78606,1
78605,1
78551,1
7852,1
7851,1
78469,1
78442,1
7840,1
7837,1
7813,1
7810,1
78079,1
78065,1
78061,1
78057,1
7804,1
7801,1
78009,1
75612,1
75310,1
7530,1
75261,1
75249,1
75169,1
73730,1
73010,1
72989,1
7295,1
7291,1
72889,1
72888,1
7260,1
72402,1
72252,1
7224,1
7213,1
7210,1
7200,1
7197,1
71941,1
71940,1
71696,1
71650,1
70723,1
70722,1
70400,1
6961,1
6926,1
6826,1
6824,1
6820,1
6273,1
6253,1
6202,1
6186,1
6185,1
61650,1
61172,1
60886,1
59972,1
59970,1
59969,1
59960,1
59654,1
5934,1
5921,1
5920,1
587,1
5855,1
5778,1
5771,1
5768,1
5762,1
5761,1
57512,1
5733,1
5722,1
5718,1
56989,1
56942,1
56889,1
56789,1
56723,1
56089,1
5589,1
5559,1
55329,1
55320,1
5400,1
53789,1
5370,1
53560,1
53290,1
53190,1
5305,1
53012,1
53010,1
5262,1
5187,1
5168,1
5121,1
5110,1
5109,1
4928,1
49121,1
4870,1
4829,1
48249,1
48242,1
48241,1
4809,1
4779,1
4660,1
46400,1
45989,1
4592,1
4588,1
4571,1
4568,1
45620,1
4561,1
4558,1
4556,1
45385,1
45383,1
4473,1
4471,1
44329,1
4414,1
44102,1
4401,1
43811,1
4370,1
430,1
4293,1
42843,1
42842,1
42830,1
42821,1
42769,1
4264,1
4263,1
4260,1
4259,1
4238,1
41519,1
4150,1
4149,1
41402,1
40491,1
40300,1
3970,1
3968,1
3940,1
3899,1
3898,1
38531,1
38010,1
37950,1
3682,1
36250,1
36230,1
36201,1
3559,1
3489,1
3484,1
34600,1
34290,1
3393,1
33819,1
33812,1
33520,1
3331,1
3314,1
3310,1
3129,1
30183,1
3004,1
30001,1
29660,1
29633,1
29574,1
29532,1
29520,1
29284,1
29281,1
28804,1
2853,1
28411,1
2819,1
2810,1
2769,1
27542,1
2651,1
2555,1
25541,1
2536,1
2511,1
25060,1
25050,1
2469,1
2410,1
2397,1
23871,1
2330,1
2127,1
20501,1
20210,1
20190,1
1991,1
1983,1
1980,1
1978,1
1977,1
1971,1
1968,1
1962,1
1759,1
1741,1
1625,1
1622,1
1571,1
1560,1
1551,1
1548,1
1541,1
1540,1
1505,1
1369,1
1121,1
07071,1
07044,1
04184,1
0416,1
0413,1
04119,1
04112,1
04111,1
04110,1
04102,1
0388,1
03843,1
0383,1