person_id,code
-9066461348710750663,3051
-9066461348710750663,4820
-9066461348710750663,V090
-9066461348710750663,7823
-9066461348710750663,42731
-9066461348710750663,99592
-9066461348710750663,5845
-9066461348710750663,41401
-9066461348710750663,5859
-9066461348710750663,5559
-9066461348710750663,496
-9066461348710750663,51881
-9066461348710750663,03849
-9066461348710750663,2859
-9066461348710750663,78552
-9066461348710750663,2762
-9066461348710750663,3569
-9066461348710750663,28749
-9066461348710750663,2760
-8993675534959689080,40391
-8993675534959689080,5856
-8993675534959689080,79319
-8993675534959689080,30500
-8993675534959689080,2767
-8993675534959689080,2724
-8993675534959689080,34839
-8993675534959689080,5781
-8993675534959689080,4280
-8993675534959689080,42822
-8993675534959689080,28521
-8993675534959689080,78900
-8993675534959689080,587
-8993675534959689080,30393
-8970844422700220177,25000
-8970844422700220177,78820
-8970844422700220177,4019
-8970844422700220177,34830
-8970844422700220177,30390
-8970844422700220177,1120
-8970844422700220177,78720
-8970844422700220177,2910
-8970844422700220177,85186
-8970844422700220177,2761
-8970844422700220177,5070
-8928428202649726867,25000
-8928428202649726867,2449
-8928428202649726867,3051
-8928428202649726867,2720
-8928428202649726867,4589
-8928428202649726867,5400
-8928428202649726867,4019
-8891617624507360381,I6340
-8891617624507360381,I69354
-8891617624507360381,I69893
-8891617624507360381,G8191
-8891617624507360381,N189
-8891617624507360381,I69392
-8891617624507360381,D696
-8891617624507360381,R2681
-8891617624507360381,I480
-8891617624507360381,I129
-8891617624507360381,D72819
-8891617624507360381,F17210
-8891617624507360381,F329
-8891617624507360381,E785
-8891617624507360381,F4310
-8891617624507360381,F309
-8891617624507360381,I10
-8891617624507360381,4373
-8891617624507360381,27800
-8891617624507360381,3051
-8891617624507360381,32723
-8891617624507360381,4019
-8891617624507360381,2724
-8891617624507360381,43889
-8891617624507360381,72989
-8769042030325953499,7200
-8769042030325953499,53560
-8769042030325953499,53240
-8769042030325953499,2851
-8659404739579738033,I080
-8659404739579738033,I480
-8659404739579738033,K219
-8659404739579738033,E785
-8659404739579738033,S2243XA
-8659404739579738033,E039
-8659404739579738033,J9690
-8659404739579738033,I132
-8659404739579738033,R740
-8659404739579738033,I214
-8659404739579738033,N186
-8659404739579738033,I2510
-8659404739579738033,I5033
-8659404739579738033,Y848
-8659404739579738033,D631
-8659404739579738033,M7981
-8659404739579738033,I462
-8659404739579738033,M5489
-8659404739579738033,Z9981
-8659404739579738033,I447
-8659404739579738033,J449
-8659404739579738033,I959
-8659404739579738033,R7881
-8659404739579738033,I248
-8659404739579738033,M25512
-8659404739579738033,I340
-8659404739579738033,I350
-8659404739579738033,G8929
-8659404739579738033,J189
-8659404739579738033,I4891
-8492299714241840941,99811
-8492299714241840941,20300
-8492299714241840941,2724
-8492299714241840941,41401
-8492299714241840941,E8782
-8492299714241840941,4019
-8492299714241840941,42731
-8352232581952957278,D472
-8352232581952957278,R141
-8352232581952957278,I2699
-8352232581952957278,I472
-8352232581952957278,I82432
-8352232581952957278,I272
-8352232581952957278,I4891
-8352232581952957278,I82412
-8352232581952957278,C9000
-8352232581952957278,I5022
-8254164865273971123,2875
-8254164865273971123,2760
-8254164865273971123,49390
-8254164865273971123,5723
-8254164865273971123,29520
-8254164865273971123,5770
-8254164865273971123,99591
-8254164865273971123,51881
-8254164865273971123,2639
-8254164865273971123,25000
-8254164865273971123,4592
-8254164865273971123,78820
-8254164865273971123,5849
-8254164865273971123,32723
-8254164865273971123,78720
-8254164865273971123,2724
-8254164865273971123,9331
-8254164865273971123,5070
-8254164865273971123,5772
-8254164865273971123,03842
-8254164865273971123,2859
-8254164865273971123,78009
-8254164865273971123,29574
-8254164865273971123,57450
-8254164865273971123,V4987
-8254164865273971123,45829
-8254164865273971123,5680
-8254164865273971123,29570
-8254164865273971123,27652
-8254164865273971123,311
-8254164865273971123,75310
-8254164865273971123,5531
-8254164865273971123,6929
-8254164865273971123,7892
-8254164865273971123,5939
-8254164865273971123,29660
-8254164865273971123,78052
-8254164865273971123,7840
-8205283012979532608,K649
-8205283012979532608,I4891
-8205283012979532608,A419
-8205283012979532608,R6521
-8205283012979532608,I10
-8205283012979532608,E785
-8205283012979532608,E119
-8205283012979532608,J449
-8205283012979532608,J189
-8205283012979532608,E039
-8090189584974691216,2768
-8090189584974691216,5849
-8090189584974691216,99592
-8090189584974691216,4829
-8090189584974691216,0388
-8090189584974691216,60001
-8090189584974691216,2859
-8090189584974691216,5601
-8090189584974691216,5110
-8090189584974691216,2875
-8090189584974691216,78791
-8090189584974691216,78820
-7938198040010520706,56409
-7938198040010520706,33818
-7938198040010520706,1551
-7938198040010520706,2724
-7938198040010520706,2410
-7938198040010520706,2752
-7938198040010520706,3383
-7938198040010520706,27800
-7938198040010520706,5990
-7938198040010520706,34982
-7938198040010520706,70400
-7938198040010520706,49390
-7938198040010520706,2753
-7938198040010520706,4019
-7938198040010520706,79902
-7938198040010520706,311
-7938198040010520706,9982
-7938198040010520706,41401
-7938198040010520706,03842
-7938198040010520706,44329
-7938198040010520706,53081
-7938198040010520706,5601
-7938198040010520706,79021
-7938198040010520706,78552
-7938198040010520706,2859
-7938198040010520706,99592
-7938198040010520706,E8708
-7938198040010520706,2875
-7938198040010520706,99749
-7938198040010520706,1985
-7671795861352464589,514
-7671795861352464589,4271
-7671795861352464589,49390
-7671795861352464589,40390
-7671795861352464589,7885
-7671795861352464589,5187
-7671795861352464589,2767
-7671795861352464589,27669
-7671795861352464589,5370
-7671795861352464589,5579
-7671795861352464589,2724
-7671795861352464589,5859
-7671795861352464589,5849
-7671795861352464589,51881
-7671795861352464589,2761
-7671795861352464589,4561
-7671795861352464589,78097
-7671795861352464589,2859
-7671795861352464589,78959
-7671795861352464589,25002
-7671795861352464589,5601
-7671795861352464589,2869
-7671795861352464589,78606
-7671795861352464589,72889
-7671795861352464589,4589
-7671795861352464589,25541
-7671795861352464589,7847
-7671795861352464589,56723
-7671795861352464589,7994
-7671795861352464589,7824
-7671795861352464589,53789
-7671795861352464589,5723
-7671795861352464589,5715
-7636167699948083600,56400
-7636167699948083600,1987
-7636167699948083600,2724
-7636167699948083600,25000
-7636167699948083600,1985
-7636167699948083600,78652
-7636167699948083600,1980
-7636167699948083600,1970
-7636167699948083600,04149
-7636167699948083600,4019
-7636167699948083600,3383
-7636167699948083600,70703
-7636167699948083600,46400
-7636167699948083600,1120
-7636167699948083600,5990
-7636167699948083600,1991
-7636167699948083600,27542
-7636167699948083600,70723
-7636167699948083600,78720
-7636167699948083600,2853
-7636167699948083600,3485
-7636167699948083600,431
-7636167699948083600,2720
-7636167699948083600,43820
-7636167699948083600,1968
-7636167699948083600,1983
-7636167699948083600,70722
-7437341330444582833,J690
-7437341330444582833,R1319
-7437341330444582833,M797
-7437341330444582833,R000
-7437341330444582833,F419
-7437341330444582833,B370
-7437341330444582833,I10
-7437341330444582833,R12
-7437341330444582833,R079
-7437341330444582833,C3490
-7437341330444582833,J9601
-7437341330444582833,J9809
-7437341330444582833,G8929
-7437341330444582833,F329
-7437341330444582833,K222
-7437341330444582833,B9562
-7437341330444582833,B379
-7437341330444582833,C3401
-7437341330444582833,M5430
-7437341330444582833,C3402
-7437341330444582833,F17210
-7437341330444582833,R1310
-7391666713304457659,5184
-7391666713304457659,5990
-7391666713304457659,9010
-7391666713304457659,3051
-7391666713304457659,E8120
-7391666713304457659,82111
-7391666713304457659,27800
-7391666713304457659,04104
-7391666713304457659,80704
-6681895148320589913,3575
-6681895148320589913,75261
-6681895148320589913,5849
-6681895148320589913,73010
-6681895148320589913,51889
-6681895148320589913,2767
-6681895148320589913,5180
-6681895148320589913,5990
-6681895148320589913,496
-6681895148320589913,99592
-6681895148320589913,5789
-6681895148320589913,78552
-6681895148320589913,5712
-6681895148320589913,78039
-6681895148320589913,53550
-6681895148320589913,03849
-6681895148320589913,40390
-6681895148320589913,3489
-6681895148320589913,4820
-6681895148320589913,34982
-6681895148320589913,20210
-6681895148320589913,2762
-6681895148320589913,1540
-6681895148320589913,5989
-6681895148320589913,51881
-6681895148320589913,7810
-6681895148320589913,5859
-6681895148320589913,78791
-6681895148320589913,4168
-6681895148320589913,2449
-6525152599927900344,41401
-6525152599927900344,4019
-6525152599927900344,4139
-6525152599927900344,2724
-6525152599927900344,7213
-6525152599927900344,71594
-6525152599927900344,2768
-6525152599927900344,2752
-6525152599927900344,4241
-6525152599927900344,311
-6525152599927900344,78442
-6525152599927900344,42612
-6525152599927900344,78820
-6525152599927900344,2859
-6525152599927900344,42731
-6525152599927900344,3659
-6525152599927900344,4580
-6525152599927900344,1625
-6525152599927900344,2753
-6525152599927900344,7210
-6525152599927900344,30393
-6525152599927900344,4370
-6525152599927900344,3569
-6525152599927900344,9971
-6525152599927900344,7224
-6525152599927900344,E8781
-6525152599927900344,2809
-6525152599927900344,72252
-6525152599927900344,5180
-6525152599927900344,5119
-6525152599927900344,2662
-6525152599927900344,2875
-6525152599927900344,4400
-6289874722419061830,Y838
-6289874722419061830,I82422
-6289874722419061830,I9751
-6289874722419061830,I871
-6225647829918357531,D696
-6225647829918357531,I110
-6225647829918357531,I5033
-6225647829918357531,F329
-6225647829918357531,D469
-6225647829918357531,N179
-6225647829918357531,R109
-6225647829918357531,B961
-6225647829918357531,D649
-6225647829918357531,K219
-6225647829918357531,N390
-6225647829918357531,Z1611
-6225647829918357531,E119
-6225647829918357531,E039
-6225647829918357531,K7581
-6225647829918357531,E7800
-6225647829918357531,J449
-6225647829918357531,E790
-6225647829918357531,J9601
-6225647829918357531,B009
-6225647829918357531,E876
-6225647829918357531,R161
-6225647829918357531,Y842
-6225647829918357531,4928
-6225647829918357531,311
-6225647829918357531,6202
-6225647829918357531,2724
-6225647829918357531,25000
-6225647829918357531,4019
-6225647829918357531,D62
-6225647829918357531,R6521
-6225647829918357531,E6601
-6225647829918357531,G4733
-6225647829918357531,E860
-6225647829918357531,A419
-6225647829918357531,K264
-6225647829918357531,E780
-6225647829918357531,K259
-6225647829918357531,J45909
-6225647829918357531,R0902
-6225647829918357531,D471
-6225647829918357531,L271
-6225647829918357531,I10
-6225647829918357531,E785
-6225647829918357531,D735
-6225647829918357531,D6959
-6225647829918357531,G893
-6225647829918357531,J811
-6225647829918357531,D630
-6225647829918357531,F419
-6225647829918357531,E883
-6225647829918357531,J9811
-6225647829918357531,E8339
-6225647829918357531,M351
-6225647829918357531,J60
-6225647829918357531,J690
-6225647829918357531,E669
-6225647829918357531,C9590
-6225647829918357531,E8881
-6225647829918357531,C946
-6225647829918357531,J90
-6225647829918357531,D599
-6225647829918357531,D46Z
-6225647829918357531,I5032
-6225647829918357531,E872
-6225647829918357531,I2720
-6225647829918357531,D61818
-6225647829918357531,R823
-6225647829918357531,R319
-6225647829918357531,D689
-6022656226246460545,9010
-6022656226246460545,E8120
-6022656226246460545,E8798
-6022656226246460545,49390
-6022656226246460545,9962
-6022656226246460545,04112
-6022656226246460545,51189
-6022656226246460545,5109
-6022656226246460545,E8782
-6022656226246460545,6822
-6022656226246460545,33812
-6022656226246460545,99832
-6022656226246460545,99859
-6022656226246460545,34600
-5829006308524050971,I509
-5829006308524050971,J9811
-5829006308524050971,I319
-5829006308524050971,E875
-5829006308524050971,I313
-5829006308524050971,J9691
-5829006308524050971,R570
-5829006308524050971,D649
-5829006308524050971,E46
-5829006308524050971,J918
-5829006308524050971,G40909
-5829006308524050971,I314
-5829006308524050971,J189
-5829006308524050971,R21
-5829006308524050971,H540
-5829006308524050971,R001
-5829006308524050971,D688
-5829006308524050971,F09
-5829006308524050971,H548
-5829006308524050971,S82251A
-5342370696241135313,2910
-5342370696241135313,E8782
-5342370696241135313,42731
-5342370696241135313,2724
-5342370696241135313,4111
-5342370696241135313,9971
-5342370696241135313,4019
-5342370696241135313,99811
-5342370696241135313,45182
-5342370696241135313,30390
-5342370696241135313,71941
-5342370696241135313,41401
-4873075614181207858,20190
-4873075614181207858,42732
-4873075614181207858,41400
-4873075614181207858,41401
-4873075614181207858,2724
-4873075614181207858,3968
-4873075614181207858,4142
-4873075614181207858,49390
-4873075614181207858,4019
-4873075614181207858,4241
-4873075614181207858,41189
-4873075614181207858,2749
-4873075614181207858,Z955
-4873075614181207858,E785
-4873075614181207858,G4733
-4873075614181207858,I6521
-4873075614181207858,I2510
-4873075614181207858,I081
-4873075614181207858,Z952
-4873075614181207858,I110
-4873075614181207858,I5022
-4873075614181207858,I25110
-4873075614181207858,R21
-4873075614181207858,I6522
-4873075614181207858,I4892
-4873075614181207858,J45909
-4502092208250381979,R55
-4502092208250381979,I10
-4502092208250381979,I671
-4502092208250381979,N390
-4502092208250381979,S2242XA
-4502092208250381979,E876
-4502092208250381979,E780
-4502092208250381979,M4854XA
-4502092208250381979,G4700
-4502092208250381979,I5031
-4502092208250381979,R4701
-4502092208250381979,E785
-4502092208250381979,I9752
-4502092208250381979,I9581
-4502092208250381979,I97131
-4502092208250381979,I97618
-4502092208250381979,G936
-4502092208250381979,J942
-4502092208250381979,R079
-4502092208250381979,Y834
-4502092208250381979,D62
-4353160957725823366,D638
-4353160957725823366,I97610
-4353160957725823366,E871
-4353160957725823366,R188
-4353160957725823366,Y848
-4353160957725823366,I4892
-4353160957725823366,A4151
-4353160957725823366,E872
-4353160957725823366,N183
-4353160957725823366,J95851
-4353160957725823366,K567
-4353160957725823366,N179
-4353160957725823366,D62
-4353160957725823366,R627
-4353160957725823366,I25118
-4353160957725823366,T8119XA
-4353160957725823366,K659
-4353160957725823366,K7201
-4353160957725823366,R6521
-4353160957725823366,K7581
-4353160957725823366,J9811
-4353160957725823366,N390
-4353160957725823366,J9600
-4353160957725823366,Z955
-4353160957725823366,K767
-4353160957725823366,B9689
-4353160957725823366,K7469
-4353160957725823366,R571
-4353160957725823366,D684
-4353160957725823366,I4891
-4353160957725823366,K766
-4353160957725823366,E119
-4353160957725823366,T80219A
-4353160957725823366,B9561
-4353160957725823366,K7200
-4353160957725823366,I129
-4353160957725823366,E43
-4353160957725823366,K661
-4234372750442829205,1505
-4234372750442829205,2762
-4234372750442829205,53085
-4234372750442829205,53081
-4183220989401122518,I9589
-4183220989401122518,L930
-4183220989401122518,I10
-4183220989401122518,E860
-4183220989401122518,R000
-4183220989401122518,I308
-4183220989401122518,J90
-4183220989401122518,E785
-4183220989401122518,J9811
-4183220989401122518,N179
-4183220989401122518,E871
-4183220989401122518,R002
-3908355835367628651,56210
-3908355835367628651,4589
-3908355835367628651,56400
-3908355835367628651,27800
-3908355835367628651,40390
-3908355835367628651,5853
-3908355835367628651,20300
-3908355835367628651,2851
-3908355835367628651,7919
-3908355835367628651,42731
-3908355835367628651,71596
-3908355835367628651,1548
-3908355835367628651,28412
-3908355835367628651,2762
-3908355835367628651,5849
-3908355835367628651,42832
-3908355835367628651,78079
-3908355835367628651,4280
-3908355835367628651,2768
-3908355835367628651,1122
-3908355835367628651,1543
-3908355835367628651,00845
-3908355835367628651,28529
-3908355835367628651,2761
-3908355835367628651,2555
-3908355835367628651,5934
-3908355835367628651,M179
-3908355835367628651,T814XXA
-3908355835367628651,D696
-3908355835367628651,N183
-3908355835367628651,C786
-3908355835367628651,I5032
-3908355835367628651,B9562
-3908355835367628651,E46
-3908355835367628651,T8131XA
-3908355835367628651,R310
-3908355835367628651,D62
-3908355835367628651,Y848
-3908355835367628651,C9000
-3908355835367628651,C7889
-3908355835367628651,B3749
-3908355835367628651,K5660
-3908355835367628651,E8809
-3908355835367628651,B965
-3908355835367628651,T8359XA
-3908355835367628651,N179
-3908355835367628651,J910
-3908355835367628651,C211
-3908355835367628651,J9601
-3908355835367628651,R6521
-3908355835367628651,I129
-3908355835367628651,G9340
-3908355835367628651,Q620
-3908355835367628651,K311
-3908355835367628651,E669
-3908355835367628651,A419
-3908355835367628651,I482
-3908355835367628651,N12
-3908355835367628651,71536
-3908355835367628651,34839
-3908355835367628651,5693
-3908355835367628651,3383
-3908355835367628651,2753
-3908355835367628651,1541
-3908355835367628651,56942
-3908355835367628651,2800
-3908355835367628651,5921
-3908355835367628651,99594
-3908355835367628651,51881
-3908355835367628651,99809
-3908355835367628651,99832
-3908355835367628651,V6441
-3908355835367628651,E887
-3908355835367628651,5680
-3908355835367628651,45383
-3908355835367628651,99674
-3908355835367628651,5845
-3908355835367628651,E8798
-3908355835367628651,99859
-3908355835367628651,2930
-3908355835367628651,81600
-3908355835367628651,E8786
-3908355835367628651,V4987
-3908355835367628651,2866
-3908355835367628651,0417
-3908355835367628651,2639
-3908355835367628651,56089
-3908355835367628651,55320
-3908355835367628651,4019
-3908355835367628651,59972
-3780452582396805474,44489
-3780452582396805474,1962
-3780452582396805474,9982
-3780452582396805474,E8700
-3780452582396805474,3051
-3611589607736625713,7245
-3611589607736625713,4019
-3611589607736625713,29181
-3611589607736625713,3453
-3611589607736625713,2724
-3611589607736625713,30390
-3611589607736625713,6961
-3611589607736625713,81201
-3420195391796315831,M109
-3420195391796315831,I5022
-3420195391796315831,D62
-3420195391796315831,I130
-3420195391796315831,I082
-3420195391796315831,E785
-3420195391796315831,G4733
-3420195391796315831,D696
-3420195391796315831,I471
-3420195391796315831,E039
-3420195391796315831,J449
-3420195391796315831,E669
-3420195391796315831,N183
-3420195391796315831,I272
-3420195391796315831,I428
-3420195391796315831,4239
-3420195391796315831,4254
-3420195391796315831,25000
-3420195391796315831,92320
-3420195391796315831,34830
-3420195391796315831,5070
-3420195391796315831,7197
-3420195391796315831,00845
-3420195391796315831,4280
-3420195391796315831,60001
-3420195391796315831,2449
-3420195391796315831,5119
-3420195391796315831,29420
-3420195391796315831,7823
-3420195391796315831,40390
-3420195391796315831,78820
-3420195391796315831,496
-3420195391796315831,311
-3420195391796315831,5845
-3420195391796315831,5305
-3420195391796315831,2749
-3420195391796315831,42789
-3420195391796315831,79902
-3420195391796315831,5853
-3420195391796315831,78057
-3420195391796315831,59960
-3420195391796315831,4589
-3420195391796315831,71650
-3420195391796315831,E9063
-3210373572193940939,2724
-3210373572193940939,4239
-3210373572193940939,60000
-3210373572193940939,4111
-3210373572193940939,4019
-3210373572193940939,41401
-3210373572193940939,4779
-3210373572193940939,5641
-3024822967781525875,27800
-3024822967781525875,4139
-3024822967781525875,71696
-3024822967781525875,25002
-3024822967781525875,2724
-3024822967781525875,41401
-3024822967781525875,3899
-2575767131279873665,34690
-2575767131279873665,53081
-2575767131279873665,40390
-2575767131279873665,72402
-2575767131279873665,2536
-2575767131279873665,5859
-2575767131279873665,25000
-2575767131279873665,33520
-2575767131279873665,7851
-2575767131279873665,78609
-2575767131279873665,4019
-2500070523286875699,2724
-2500070523286875699,5180
-2500070523286875699,4019
-2500070523286875699,34590
-2500070523286875699,49121
-2500070523286875699,3051
-2500070523286875699,486
-2500070523286875699,8600
-2500070523286875699,42731
-2500070523286875699,80702
-2500070523286875699,2767
-2500070523286875699,7295
-2500070523286875699,07070
-2500070523286875699,9086
-2500070523286875699,496
-2500070523286875699,28860
-2500070523286875699,41189
-2500070523286875699,E9290
-2500070523286875699,2930
-2500070523286875699,07032
-2500070523286875699,1629
-2500070523286875699,4238
-2500070523286875699,34550
-2500070523286875699,41519
-2500070523286875699,51881
-2500070523286875699,1971
-2500070523286875699,2762
-2500070523286875699,30981
-2312013739856114142,34830
-2312013739856114142,431
-2312013739856114142,2760
-2312013739856114142,5849
-2312013739856114142,78701
-2312013739856114142,43811
-2312013739856114142,79902
-2312013739856114142,78830
-2312013739856114142,82021
-2312013739856114142,2809
-2312013739856114142,43889
-2312013739856114142,5990
-2312013739856114142,2724
-2312013739856114142,4019
-2312013739856114142,78820
-2312013739856114142,4380
-2312013739856114142,43820
-2312013739856114142,43310
-2312013739856114142,78469
-2312013739856114142,2989
-2312013739856114142,7843
-2312013739856114142,2859
-2312013739856114142,43491
-2286362762396278035,E785
-2286362762396278035,J9601
-2286362762396278035,E1142
-2286362762396278035,F514
-2286362762396278035,T17920A
-2286362762396278035,F603
-2286362762396278035,I129
-2286362762396278035,K219
-2286362762396278035,I4581
-2286362762396278035,R1312
-2286362762396278035,F39
-2286362762396278035,N141
-2286362762396278035,A047
-2286362762396278035,E876
-2286362762396278035,R578
-2286362762396278035,K047
-2286362762396278035,N189
-2286362762396278035,K7201
-2286362762396278035,F4310
-2286362762396278035,Z1639
-2286362762396278035,N170
-2286362762396278035,I2602
-2286362762396278035,F1220
-2286362762396278035,F28
-2286362762396278035,E038
-2286362762396278035,F319
-2286362762396278035,E11621
-2286362762396278035,G92
-2286362762396278035,B954
-2286362762396278035,F5001
-2286362762396278035,J449
-2286362762396278035,R490
-2067961723109232727,E785
-2067961723109232727,I6032
-2067961723109232727,I2510
-2067961723109232727,I10
-2067961723109232727,E780
-2067961723109232727,E669
-2067961723109232727,M1712
-2067961723109232727,I671
-2067961723109232727,K2270
-1616052813658226820,2724
-1616052813658226820,311
-1616052813658226820,2749
-1616052813658226820,25000
-1616052813658226820,4019
-1616052813658226820,71690
-1616052813658226820,2397
-1210657672714831684,78451
-1210657672714831684,4280
-1210657672714831684,2760
-1210657672714831684,41401
-1210657672714831684,42833
-1210657672714831684,4240
-1210657672714831684,2859
-1210657672714831684,2930
-1210657672714831684,5990
-1210657672714831684,4380
-1210657672714831684,42731
-1210657672714831684,4271
-1210657672714831684,2724
-1210657672714831684,99592
-1210657672714831684,55329
-1210657672714831684,2762
-1210657672714831684,34830
-1210657672714831684,78820
-1210657672714831684,5845
-1210657672714831684,2875
-1210657672714831684,2761
-1210657672714831684,78552
-1210657672714831684,514
-1210657672714831684,1120
-1210657672714831684,2639
-1210657672714831684,2768
-1210657672714831684,78959
-1210657672714831684,4019
-1210657672714831684,2720
-1210657672714831684,78838
-1210657672714831684,0389
-1210657672714831684,5570
-1210657672714831684,53190
-1210657672714831684,E8782
-1210657672714831684,7850
-1210657672714831684,53290
-1210657672714831684,53012
-1210657672714831684,99830
-1210657672714831684,5180
-1210657672714831684,2800
-1210657672714831684,56722
-1210657672714831684,9986
-1210657672714831684,E8798
-1210657672714831684,99859
-1210657672714831684,42842
-1210657672714831684,29420
-1210657672714831684,5579
-1210657672714831684,56981
-1210657672714831684,42769
-1115201667562228350,2639
-1115201667562228350,2768
-1115201667562228350,2760
-1115201667562228350,3310
-1115201667562228350,29411
-1115201667562228350,311
-1115201667562228350,25002
-1115201667562228350,43820
-1115201667562228350,41401
-1115201667562228350,486
-1115201667562228350,71590
-1115201667562228350,2810
-1115201667562228350,V643
-1115201667562228350,5990
-1115201667562228350,4439
-1115201667562228350,2762
-1115201667562228350,4019
-1115201667562228350,34831
-1115201667562228350,79902
-1095016967997700156,41401
-1095016967997700156,44102
-1095016967997700156,71535
-1095016967997700156,4019
-1095016967997700156,2720
-1095016967997700156,25000
-775517641933593374,1978
-775517641933593374,42789
-775517641933593374,1560
-775517641933593374,57512
-775517641933593374,42731
-775517641933593374,4019
-775517641933593374,27800
-775517641933593374,2749
-775517641933593374,29900
-775517641933593374,78062
-775517641933593374,28749
-775517641933593374,40390
-775517641933593374,570
-775517641933593374,2859
-775517641933593374,5845
-775517641933593374,42821
-775517641933593374,78551
-775517641933593374,486
-775517641933593374,99592
-775517641933593374,58389
-775517641933593374,5761
-775517641933593374,4280
-775517641933593374,34830
-775517641933593374,03842
-775517641933593374,5859
-775517641933593374,75169
-775517641933593374,5939
-775517641933593374,51881
-775517641933593374,4254
-775517641933593374,2762
-626229666378242477,30000
-626229666378242477,4259
-626229666378242477,4263
-626229666378242477,40390
-626229666378242477,2761
-626229666378242477,5180
-626229666378242477,E8781
-626229666378242477,2724
-626229666378242477,4280
-626229666378242477,42823
-626229666378242477,5849
-626229666378242477,29532
-626229666378242477,27800
-626229666378242477,53081
-626229666378242477,9961
-626229666378242477,4589
-626229666378242477,5859
-626229666378242477,53085
-626229666378242477,29530
-626229666378242477,7852
-626229666378242477,4148
-626229666378242477,E785
-626229666378242477,K2270
-626229666378242477,I5023
-626229666378242477,I361
-626229666378242477,D689
-626229666378242477,F329
-626229666378242477,N189
-626229666378242477,I340
-626229666378242477,F419
-626229666378242477,I248
-626229666378242477,R300
-626229666378242477,F200
-626229666378242477,I428
-626229666378242477,G4700
-626229666378242477,E806
-626229666378242477,N179
-626229666378242477,I959
-626229666378242477,R570
-626229666378242477,I129
-626229666378242477,K219
-626229666378242477,T43505S
-626229666378242477,I427
-626229666378242477,D649
-626229666378242477,I272
-626229666378242477,I081
-626229666378242477,4254
-626229666378242477,99604
-626229666378242477,42822
-626229666378242477,E8798
-626229666378242477,7530
-626229666378242477,2800
-626229666378242477,78959
-626229666378242477,311
-626229666378242477,40491
-626229666378242477,3970
-626229666378242477,28860
-626229666378242477,5730
-626229666378242477,4240
-626229666378242477,4168
-626229666378242477,4271
-626229666378242477,T8089XA
-626229666378242477,Z905
-626229666378242477,J9601
-626229666378242477,R319
-626229666378242477,M109
-626229666378242477,I82622
-626229666378242477,I420
-626229666378242477,R112
-626229666378242477,K7200
-626229666378242477,R002
-626229666378242477,R34
-626229666378242477,I071
-626229666378242477,E874
-626229666378242477,E875
-458664721446908388,30500
-458664721446908388,8600
-458664721446908388,4019
-458664721446908388,80707
225226226646982867,85221
225226226646982867,4019
225226226646982867,2749
225226226646982867,30391
225226226646982867,8054
225226226646982867,29181
225226226646982867,53081
349862308128216812,I8510
349862308128216812,K766
349862308128216812,B1920
349862308128216812,K565
349862308128216812,F17210
349862308128216812,I81
349862308128216812,K7031
349862308128216812,E43
349862308128216812,Y838
349862308128216812,R339
349862308128216812,M96831
349862308128216812,M47817
349862308128216812,T814XXA
349862308128216812,T17990A
349862308128216812,D62
349862308128216812,L03311
349862308128216812,J952
349862308128216812,D696
349862308128216812,J189
349862308128216812,M47818
349862308128216812,K56600
349862308128216812,R1084
349862308128216812,K660
349862308128216812,K265
349862308128216812,K209
349862308128216812,D6959
349862308128216812,I4891
349862308128216812,R0902
349862308128216812,I471
349862308128216812,K255
349862308128216812,F1011
349862308128216812,I959
349862308128216812,D638
349862308128216812,B182
349862308128216812,D688
349862308128216812,J811
349862308128216812,K3189
349862308128216812,K449
349862308128216812,G8929
349862308128216812,K7290
349862308128216812,E872
349862308128216812,R188
349862308128216812,A084
349862308128216812,E871
349862308128216812,K7469
349862308128216812,3051
349862308128216812,30503
349862308128216812,5712
349862308128216812,56789
349862308128216812,07054
349862308128216812,5723
349862308128216812,5531
349862308128216812,78959
421426604671948641,S22069A
421426604671948641,S22059A
421426604671948641,G43909
421426604671948641,J45909
421426604671948641,F329
421426604671948641,F1910
421426604671948641,V499XXA
421426604671948641,M40209
421426604671948641,E669
421426604671948641,J90
421426604671948641,I272
421426604671948641,F1210
421426604671948641,V8609XS
421426604671948641,M25511
421426604671948641,E041
421426604671948641,S12600A
421426604671948641,S32029A
421426604671948641,S8012XA
421426604671948641,Y848
421426604671948641,F10129
421426604671948641,S066X0A
421426604671948641,D62
421426604671948641,S22049A
421426604671948641,F419
421426604671948641,S271XXA
421426604671948641,F1290
421426604671948641,V270XXA
421426604671948641,R339
421426604671948641,F05
421426604671948641,J95851
421426604671948641,S240XXA
421426604671948641,J9600
579254014084392336,2760
579254014084392336,2724
579254014084392336,25000
579254014084392336,59970
579254014084392336,4168
579254014084392336,412
579254014084392336,5990
579254014084392336,5853
579254014084392336,5693
579254014084392336,2875
579254014084392336,4280
579254014084392336,40390
579254014084392336,41400
579254014084392336,0417
579254014084392336,4589
579254014084392336,2763
579254014084392336,42731
579254014084392336,4148
579254014084392336,5920
579254014084392336,5849
579254014084392336,42823
579254014084392336,I252
579254014084392336,E1122
579254014084392336,I4891
579254014084392336,A419
579254014084392336,B965
579254014084392336,I5023
579254014084392336,S06357A
579254014084392336,I255
579254014084392336,Z955
579254014084392336,Z9911
579254014084392336,I714
579254014084392336,I82612
579254014084392336,N183
579254014084392336,I2510
579254014084392336,N390
579254014084392336,E870
579254014084392336,G935
579254014084392336,R6521
579254014084392336,B9689
579254014084392336,S065X7A
579254014084392336,N200
579254014084392336,N179
579254014084392336,I9581
579254014084392336,J9600
579254014084392336,G40901
579254014084392336,E785
579254014084392336,Y848
579254014084392336,I130
579254014084392336,J95851
817543968614095114,K219
817543968614095114,E780
817543968614095114,I2582
817543968614095114,I10
817543968614095114,I25110
817543968614095114,D62
817543968614095114,E669
1105072502834179413,53081
1105072502834179413,E8798
1105072502834179413,4568
1105072502834179413,51881
1105072502834179413,3383
1105072502834179413,99674
1105072502834179413,4471
1105072502834179413,44489
1105072502834179413,4589
1105072502834179413,56409
1105072502834179413,99731
1105072502834179413,7824
1105072502834179413,30503
1105072502834179413,56889
1105072502834179413,2851
1105072502834179413,5789
1105072502834179413,1571
1105072502834179413,1977
1105072502834179413,311
1105072502834179413,V4611
1105072502834179413,4019
1105072502834179413,28860
1105072502834179413,5579
1194579079287927665,M109
1194579079287927665,N179
1194579079287927665,L723
1194579079287927665,E1122
1194579079287927665,D702
1194579079287927665,I482
1194579079287927665,I272
1194579079287927665,E871
1194579079287927665,I129
1194579079287927665,I5023
1194579079287927665,R34
1194579079287927665,N401
1194579079287927665,E872
1194579079287927665,Y831
1194579079287927665,R339
1194579079287927665,N183
1194579079287927665,E785
1194579079287927665,R3911
1194579079287927665,E875
1194579079287927665,I724
1194579079287927665,I350
1194579079287927665,B964
1194579079287927665,J449
1194579079287927665,N390
1194579079287927665,T81718A
1194579079287927665,D696
1194579079287927665,R5381
1194579079287927665,E11649
1194579079287927665,N400
1194579079287927665,H3530
1194579079287927665,N184
1194579079287927665,F1021
1194579079287927665,B9689
1194579079287927665,J90
1194579079287927665,F4329
1194579079287927665,L03116
1194579079287927665,R571
1194579079287927665,Q6432
1194579079287927665,M7981
1194579079287927665,R0902
1194579079287927665,I4891
1194579079287927665,I130
1194579079287927665,K921
1194579079287927665,D62
1194579079287927665,G9340
1194579079287927665,I214
1194579079287927665,N170
1194579079287927665,E8339
1194579079287927665,J9601
1194579079287927665,I5042
1258460361496302149,E7800
1258460361496302149,D869
1258460361496302149,T85694A
1258460361496302149,N179
1258460361496302149,R000
1258460361496302149,T383X6A
1258460361496302149,E1010
1258460361496302149,F39
1258460361496302149,J15211
1258460361496302149,J9601
1258460361496302149,F419
1258460361496302149,E039
1258460361496302149,G40909
1258460361496302149,E1165
1258460361496302149,E871
1258460361496302149,30000
1258460361496302149,7916
1258460361496302149,2720
1258460361496302149,28860
1258460361496302149,486
1258460361496302149,34590
1258460361496302149,99657
1258460361496302149,2449
1258460361496302149,2724
1258460361496302149,0088
1258460361496302149,E8798
1484542834460282651,F419
1484542834460282651,E669
1484542834460282651,I10
1484542834460282651,G4700
1484542834460282651,D62
1484542834460282651,I214
1484542834460282651,J45909
1484542834460282651,I2510
1532249960797525190,1369
1532249960797525190,3453
1532249960797525190,2724
1532249960797525190,25000
1532249960797525190,2252
1532249960797525190,4019
1532249960797525190,34830
1740609625029317924,41401
1740609625029317924,78194
1740609625029317924,85220
1740609625029317924,40391
1740609625029317924,2724
1740609625029317924,78451
1740609625029317924,7843
1740609625029317924,78830
1740609625029317924,5855
1741351032930224901,78791
1741351032930224901,2809
1741351032930224901,2761
1741351032930224901,33829
1741351032930224901,311
1741351032930224901,27652
1741351032930224901,34982
1741351032930224901,25002
1741351032930224901,78830
1741351032930224901,59969
1741351032930224901,5990
1741351032930224901,53081
1741351032930224901,5849
1741351032930224901,42789
1741351032930224901,2724
1741351032930224901,5859
1741351032930224901,30000
1741351032930224901,04149
1741351032930224901,7245
1741351032930224901,40390
1741351032930224901,23871
1741351032930224901,25022
1741351032930224901,5853
1741351032930224901,1419
1741351032930224901,2762
1741351032930224901,61650
1741351032930224901,6273
1741351032930224901,5789
1741351032930224901,25012
1741351032930224901,7260
1741351032930224901,2989
1741351032930224901,78052
1741351032930224901,4019
1741351032930224901,7813
1741351032930224901,78701
1741351032930224901,5989
1741351032930224901,25080
1741351032930224901,78820
1741351032930224901,7919
1741351032930224901,E8580
1741351032930224901,78065
1741351032930224901,75249
1741351032930224901,9623
1741351032930224901,2763
1741351032930224901,4870
1741351032930224901,1121
1741351032930224901,00845
1741351032930224901,E8798
1741351032930224901,6824
1741351032930224901,99931
1741351032930224901,8052
1741351032930224901,9243
1741351032930224901,25000
1741351032930224901,4660
1741351032930224901,4940
1741351032930224901,486
1741351032930224901,J45909
1741351032930224901,K219
1741351032930224901,E119
1741351032930224901,S22068A
1741351032930224901,S2232XA
1741351032930224901,F329
1741351032930224901,R1012
1741351032930224901,E785
1741351032930224901,N390
1741351032930224901,D509
1741351032930224901,F419
1741351032930224901,I10
1741351032930224901,38531
1741351032930224901,2859
1741351032930224901,38010
1741351032930224901,E1165
1741351032930224901,G8929
1741351032930224901,K3580
1741351032930224901,C029
1741351032930224901,G4700
1741351032930224901,M545
2161418207209636934,I252
2161418207209636934,K2960
2161418207209636934,I2510
2161418207209636934,N179
2161418207209636934,K219
2161418207209636934,R310
2161418207209636934,R410
2161418207209636934,I214
2161418207209636934,B9681
2161418207209636934,E118
2161418207209636934,R570
2161418207209636934,A047
2161418207209636934,R578
2161418207209636934,I480
2161418207209636934,S3730XA
2161418207209636934,I509
2161418207209636934,I10
2161418207209636934,E785
2188642953583197091,G40909
2188642953583197091,D1802
2213013192725646311,H269
2213013192725646311,I10
2213013192725646311,F209
2213013192725646311,M720
2213013192725646311,L409
2213013192725646311,F1021
2213013192725646311,I82621
2213013192725646311,S42291D
2213013192725646311,J9600
2213013192725646311,Y848
2213013192725646311,J690
2213013192725646311,J95811
2213013192725646311,D638
2213013192725646311,J309
2213013192725646311,G931
2213013192725646311,H6120
2213013192725646311,M810
2213013192725646311,L570
2213013192725646311,I959
2288881942133868955,3240
2288881942133868955,3484
2288881942133868955,04109
2288881942133868955,3485
2288881942133868955,3051
2288881942133868955,5180
2288881942133868955,340
2288881942133868955,4019
2288881942133868955,04184
2288881942133868955,04102
2341788304019377091,78722
2341788304019377091,31401
2341788304019377091,V4987
2341788304019377091,79902
2341788304019377091,78039
2341788304019377091,53081
2341788304019377091,3485
2341788304019377091,4019
2341788304019377091,51881
2341788304019377091,04104
2341788304019377091,430
2341788304019377091,48242
2341788304019377091,5990
2341788304019377091,79311
2341788304019377091,49390
2341788304019377091,2449
2341788304019377091,4373
2341788304019377091,2930
2341788304019377091,51889
2341788304019377091,78720
2601314283911413076,56210
2601314283911413076,4019
2601314283911413076,42731
2601314283911413076,2724
2601314283911413076,431
2601314283911413076,3314
2601314283911413076,4558
2601314283911413076,V4987
2631971469928551627,S0262XA
2631971469928551627,D649
2631971469928551627,S25512A
2631971469928551627,D696
2631971469928551627,S030XXA
2631971469928551627,S36892A
2631971469928551627,F1010
3129727379702505063,30560
3129727379702505063,30500
3129727379702505063,30001
3129727379702505063,311
3129727379702505063,V08
3129727379702505063,3559
3129727379702505063,V6284
3129727379702505063,2989
3129727379702505063,07070
3129727379702505063,6253
3129727379702505063,29633
3129727379702505063,30553
3129727379702505063,29284
3129727379702505063,30590
3129727379702505063,7801
3129727379702505063,3051
3129727379702505063,R509
3129727379702505063,F29
3129727379702505063,R45851
3129727379702505063,F1110
3129727379702505063,B1920
3129727379702505063,Z21
3129727379702505063,F1410
3129727379702505063,F10239
3129727379702505063,D72819
3129727379702505063,F10129
3129727379702505063,B20
3129727379702505063,R4182
3129727379702505063,E162
3129727379702505063,F209
3129727379702505063,F1490
3129727379702505063,F1994
3129727379702505063,F1099
3129727379702505063,2762
3129727379702505063,2511
3129727379702505063,37950
3129727379702505063,33829
3129727379702505063,07054
3129727379702505063,M542
3129727379702505063,F39
3129727379702505063,S0990XA
3129727379702505063,R51
3129727379702505063,F17210
3129727379702505063,D696
3129727379702505063,F1910
3129727379702505063,N390
3129727379702505063,F17200
3129727379702505063,F1010
3192038106523208432,79311
3192038106523208432,486
3192038106523208432,311
3192038106523208432,6930
3192038106523208432,5184
3192038106523208432,28529
3192038106523208432,5711
3192038106523208432,2720
3192038106523208432,5180
3192038106523208432,5772
3192038106523208432,5770
3192038106523208432,30393
3192038106523208432,56210
3192038106523208432,2869
3192038106523208432,24900
3192038106523208432,4019
3192038106523208432,11289
3192038106523208432,5771
3192038106523208432,1179
3192038106523208432,30500
3192038106523208432,2859
3192038106523208432,5778
3192038106523208432,25000
3192038106523208432,56400
3192038106523208432,3051
3192038106523208432,00845
3192038106523208432,27651
3192038106523208432,45385
3192038106523208432,04109
3192038106523208432,7907
3192038106523208432,33819
3192038106523208432,33829
3192038106523208432,78909
3589912774911670296,36201
3589912774911670296,2724
3589912774911670296,4142
3589912774911670296,41401
3589912774911670296,42731
3589912774911670296,25050
3589912774911670296,2859
3665089643642765251,56400
3665089643642765251,412
3665089643642765251,49390
3665089643642765251,42731
3665089643642765251,5849
3665089643642765251,81342
3665089643642765251,34831
3665089643642765251,60000
3665089643642765251,42822
3665089643642765251,2252
3665089643642765251,2724
3665089643642765251,58389
3665089643642765251,4280
3665089643642765251,2875
3665089643642765251,78729
3665089643642765251,85221
3665089643642765251,40390
3665089643642765251,2819
3665089643642765251,41401
3665089643642765251,3898
3665089643642765251,85201
3665089643642765251,30501
3665089643642765251,28860
3665089643642765251,2760
3665089643642765251,2930
3665089643642765251,3682
3665089643642765251,29420
3665089643642765251,5853
3773668700451843725,53140
3773668700451843725,53010
3773668700451843725,2764
3773668700451843725,99592
3773668700451843725,0088
3773668700451843725,79902
3773668700451843725,5990
3773668700451843725,5533
3773668700451843725,04149
3773668700451843725,2769
3773668700451843725,30500
3773668700451843725,2761
3773668700451843725,53240
3773668700451843725,28860
3773668700451843725,3051
3773668700451843725,51881
3773668700451843725,5070
3773668700451843725,0389
3912882389848878631,F10239
3912882389848878631,F10229
3912882389848878631,F419
3912882389848878631,F39
3912882389848878631,F17210
3912882389848878631,3051
3912882389848878631,29181
3912882389848878631,53081
3912882389848878631,8020
3912882389848878631,30301
3912882389848878631,78039
4087485459037740014,0088
4087485459037740014,2724
4087485459037740014,4019
4087485459037740014,7802
4087485459037740014,7245
4087485459037740014,25012
4087485459037740014,27651
4087485459037740014,41400
4087485459037740014,5849
4239478333578644568,56409
4239478333578644568,42731
4239478333578644568,78820
4239478333578644568,73730
4239478333578644568,75612
4239478333578644568,72403
4352191084057402257,N189
4352191084057402257,J449
4352191084057402257,I871
4352191084057402257,R410
4352191084057402257,J9621
4352191084057402257,I82412
4352191084057402257,J189
4352191084057402257,J910
4352191084057402257,E883
4352191084057402257,C7A8
4352191084057402257,C7B8
4352191084057402257,F17210
4352191084057402257,Z9981
4352191084057402257,I129
4352191084057402257,N170
4352191084057402257,I2510
4352191084057402257,Z955
4352191084057402257,I5022
4352191084057402257,E119
4352191084057402257,I4891
4352191084057402257,F4310
4352191084057402257,71690
4352191084057402257,3051
4352191084057402257,4019
4352191084057402257,27800
4352191084057402257,4400
4352191084057402257,4240
4352191084057402257,496
4352191084057402257,2859
4352191084057402257,5990
4352191084057402257,30981
4352191084057402257,04110
4352191084057402257,42731
4352191084057402257,42732
4352191084057402257,7847
4352191084057402257,41401
4352191084057402257,25000
4352191084057402257,41071
4352191084057402257,4280
4498126063475867818,M3500
4498126063475867818,K922
4498126063475867818,E039
4498126063475867818,Z931
4498126063475867818,M8008XA
4498126063475867818,I10
4498126063475867818,I340
4498126063475867818,F329
4498126063475867818,R000
4498126063475867818,F0390
4498126063475867818,E43
4498126063475867818,82009
4498126063475867818,2469
4498126063475867818,2724
4498126063475867818,4019
4498126063475867818,7102
4498126063475867818,4240
4498126063475867818,2449
4498126063475867818,2859
4498126063475867818,5990
4498126063475867818,7802
4498126063475867818,4241
4498126063475867818,78720
4498126063475867818,5601
4498126063475867818,53550
4498126063475867818,5119
4498126063475867818,5809
4498126063475867818,5730
4498126063475867818,4940
4498126063475867818,78959
4498126063475867818,2720
4498126063475867818,00845
4498126063475867818,2762
4498126063475867818,51881
4498126063475867818,4739
4498126063475867818,2761
4498126063475867818,5768
4498126063475867818,5641
4498126063475867818,78097
4498126063475867818,0383
4498126063475867818,78552
4498126063475867818,56210
4498126063475867818,5184
4498126063475867818,53081
4498126063475867818,5845
4498126063475867818,34831
4498126063475867818,73300
4498126063475867818,486
4498126063475867818,99592
4498126063475867818,2875
4498126063475867818,E049
4498126063475867818,S4992XA
4498126063475867818,M4856XA
4498126063475867818,S0990XA
4498126063475867818,M5030
4498126063475867818,H3530
4498126063475867818,H04123
4498126063475867818,S79912A
4498126063475867818,H53143
4498126063475867818,5781
4498126063475867818,2764
4498126063475867818,1122
4498126063475867818,29281
4498126063475867818,27669
4498126063475867818,99591
4498126063475867818,4280
4498126063475867818,6930
4498126063475867818,1123
4498126063475867818,42843
4498126063475867818,03843
4668337230155062633,04119
4668337230155062633,04185
4668337230155062633,04109
4668337230155062633,E8782
4668337230155062633,56981
4668337230155062633,56722
4668337230155062633,6822
4668337230155062633,99859
4668337230155062633,5119
4668337230155062633,5720
4668337230155062633,5601
4668337230155062633,5762
4668337230155062633,2639
4668337230155062633,5770
4668337230155062633,7837
4668337230155062633,99749
4668337230155062633,5680
4668337230155062633,56989
4668337230155062633,570
4668337230155062633,E8788
4668337230155062633,E8654
4668337230155062633,9585
4668337230155062633,86100
4668337230155062633,6926
4668337230155062633,5570
4668337230155062633,86801
4668337230155062633,72888
4668337230155062633,48241
4668337230155062633,2762
4668337230155062633,60886
4668337230155062633,2767
4668337230155062633,9971
4668337230155062633,27669
4668337230155062633,86405
4668337230155062633,8052
4668337230155062633,8054
4668337230155062633,51851
4668337230155062633,5845
4668337230155062633,4264
4668337230155062633,9584
4668337230155062633,83908
4668337230155062633,80704
4668337230155062633,45829
4668337230155062633,7850
4668337230155062633,5718
4668337230155062633,30500
4668337230155062633,86401
4668337230155062633,86803
4668337230155062633,8602
4668337230155062633,86389
4668337230155062633,80506
4668337230155062633,86121
4668337230155062633,04149
4783904755296699562,20500
4783904755296699562,2752
4783904755296699562,E8798
4783904755296699562,78791
4783904755296699562,45182
4783904755296699562,99931
4783904755296699562,4019
4783904755296699562,1173
4783904755296699562,28411
4783904755296699562,2768
4783904755296699562,78702
4783904755296699562,4846
4783904755296699562,E871
4783904755296699562,R740
4783904755296699562,C92Z2
4783904755296699562,K521
4783904755296699562,I951
4783904755296699562,R5081
4783904755296699562,J810
4783904755296699562,D709
4783904755296699562,G893
4783904755296699562,G44209
4783904755296699562,M545
4783904755296699562,R0789
4783904755296699562,D696
4783904755296699562,C9202
4783904755296699562,A419
4783904755296699562,I248
4783904755296699562,C92Z0
4783904755296699562,H1133
4783904755296699562,J159
4783904755296699562,B59
4783904755296699562,D630
4783904755296699562,E872
4783904755296699562,D6959
4783904755296699562,B441
4783904755296699562,E883
4783904755296699562,E875
4783904755296699562,E860
4783904755296699562,R042
4783904755296699562,R6520
4783904755296699562,D89813
4783904755296699562,J90
4783904755296699562,J9811
4783904755296699562,I4891
4783904755296699562,N179
4783904755296699562,D689
4783904755296699562,J9601
4783904755296699562,7907
4783904755296699562,V6402
4783904755296699562,99932
4783904755296699562,28419
4783904755296699562,61172
4783904755296699562,78061
4783904755296699562,3393
4783904755296699562,4809
4783904755296699562,28804
4783904755296699562,5733
4783904755296699562,04109
4783904755296699562,20501
4783904755296699562,1759
4783904755296699562,V860
4783904755296699562,2330
4783904755296699562,6822
4783904755296699562,99933
4783904755296699562,1629
4783904755296699562,486
4783904755296699562,78605
4783904755296699562,78609
4985579811051920670,4571
4985579811051920670,30000
4985579811051920670,49390
4985579811051920670,56400
4985579811051920670,5641
4985579811051920670,78829
4985579811051920670,6186
4985579811051920670,78052
4985579811051920670,7291
4985579811051920670,53081
4985579811051920670,311
4985579811051920670,6185
4985579811051920670,31401
4985579811051920670,9950
4985579811051920670,3331
5548892236933978704,3569
5548892236933978704,4254
5548892236933978704,7843
5548892236933978704,41402
5548892236933978704,99702
5548892236933978704,5859
5548892236933978704,25000
5548892236933978704,41401
5548892236933978704,E8790
5548892236933978704,78194
5548892236933978704,40390
5548892236933978704,42731
5734523979606454056,2724
5734523979606454056,4019
5734523979606454056,53140
5734523979606454056,4588
5734523979606454056,78097
5734523979606454056,4260
5734523979606454056,28860
5734523979606454056,25000
5863607150722936210,K7030
5863607150722936210,K767
5863607150722936210,D696
5863607150722936210,K861
5863607150722936210,J45909
5863607150722936210,F17210
5863607150722936210,D631
5863607150722936210,I120
5863607150722936210,E039
5863607150722936210,M109
5863607150722936210,K7010
5863607150722936210,N186
5863607150722936210,R64
5863607150722936210,E872
5863607150722936210,R6521
5863607150722936210,F1020
5863607150722936210,K859
5863607150722936210,E5112
5863607150722936210,G629
5863607150722936210,E46
5863607150722936210,N189
5863607150722936210,R410
5863607150722936210,A4189
5863607150722936210,I129
5863607150722936210,N179
5863607150722936210,D649
5863607150722936210,F1019
5863607150722936210,I8510
5863607150722936210,K7290
5863607150722936210,T473X6A
5863607150722936210,R740
5863607150722936210,I959
5863607150722936210,N183
5863607150722936210,D539
5863607150722936210,E873
5863607150722936210,J9691
5863607150722936210,I340
5863607150722936210,E60
5863607150722936210,I5181
5863607150722936210,I10
5863607150722936210,J690
5863607150722936210,I82401
5863607150722936210,E876
5863607150722936210,E43
5863607150722936210,E59
5863607150722936210,E870
5863607150722936210,J95851
5863607150722936210,D61818
5863607150722936210,N170
5863607150722936210,Y848
5863607150722936210,D124
5863607150722936210,R34
5863607150722936210,I5021
5863607150722936210,G9340
5863607150722936210,R680
5863607150722936210,R197
5863607150722936210,I214
5863607150722936210,K5730
5863607150722936210,R0902
5863607150722936210,D62
5863607150722936210,N184
5863607150722936210,K7681
5863607150722936210,K8520
5863607150722936210,K860
5863607150722936210,K7011
5863607150722936210,D689
5863607150722936210,K7031
5863607150722936210,J189
5863607150722936210,D6959
5863607150722936210,R600
5863607150722936210,R2232
5863607150722936210,K7040
5863607150722936210,I8511
5863607150722936210,F1010
5863607150722936210,K284
5863607150722936210,R7989
5863607150722936210,R300
5863607150722936210,N281
5863607150722936210,E875
5863607150722936210,S8011XA
5863607150722936210,F10251
5863607150722936210,S0003XA
5863607150722936210,D638
5863607150722936210,K921
5863607150722936210,F10239
5863607150722936210,S40022A
5863607150722936210,S8012XA
5863607150722936210,S20222A
5863607150722936210,S40021A
5863607150722936210,S20221A
5863607150722936210,4019
5863607150722936210,2449
5863607150722936210,2651
5863607150722936210,30391
5863607150722936210,2859
5863607150722936210,3051
5863607150722936210,2749
5863607150722936210,49390
5863607150722936210,3575
5863607150722936210,2662
5863607150722936210,K7460
5863607150722936210,F17200
5863607150722936210,T8242XA
5894416985828315484,4019
5894416985828315484,5990
5894416985828315484,42731
5894416985828315484,V641
5894416985828315484,5262
5894416985828315484,4293
5894416985828315484,4241
5894416985828315484,78062
5894416985828315484,3051
5894416985828315484,4271
5894416985828315484,71590
6128703162302148003,E873
6128703162302148003,B965
6128703162302148003,N390
6128703162302148003,Z931
6128703162302148003,N141
6128703162302148003,B9620
6128703162302148003,I214
6128703162302148003,J95851
6128703162302148003,G40909
6128703162302148003,G9340
6128703162302148003,F259
6128703162302148003,G1221
6128703162302148003,N179
6128703162302148003,J9610
6128703162302148003,N10
6128703162302148003,D721
6128703162302148003,E119
6128703162302148003,Z9911
6128703162302148003,I319
6128703162302148003,T17990A
6128703162302148003,G3109
6128703162302148003,I2510
6128703162302148003,I959
6128703162302148003,R569
6128703162302148003,I10
6128703162302148003,Z930
6128703162302148003,R4182
6128703162302148003,J9809
6128703162302148003,J9621
6128703162302148003,D649
6339505631013617478,45620
6339505631013617478,41071
6339505631013617478,2866
6339505631013617478,5712
6339505631013617478,5845
6339505631013617478,30301
6339505631013617478,5722
6339505631013617478,78959
6339505631013617478,5711
6339505631013617478,45989
6543064765547201849,7873
6543064765547201849,4240
6543064765547201849,5121
7131048714591189903,5849
7131048714591189903,40390
7131048714591189903,25082
7131048714591189903,2767
7131048714591189903,2720
7131048714591189903,70715
7131048714591189903,25062
7131048714591189903,99591
7131048714591189903,2761
7131048714591189903,42789
7131048714591189903,0389
7131048714591189903,5853
7131048714591189903,78701
7131048714591189903,3572
7131048714591189903,28529
7131048714591189903,6826
7131048714591189903,25012
7131048714591189903,6827
7131048714591189903,1123
7131048714591189903,4019
7131048714591189903,311
7131048714591189903,6929
7131048714591189903,0380
7131048714591189903,M726
7131048714591189903,Z89421
7131048714591189903,R6520
7131048714591189903,B9561
7131048714591189903,D329
7131048714591189903,E1122
7131048714591189903,D631
7131048714591189903,E1152
7131048714591189903,A419
7131048714591189903,E871
7131048714591189903,B966
7131048714591189903,F419
7131048714591189903,D509
7131048714591189903,B181
7131048714591189903,B9689
7131048714591189903,I120
7131048714591189903,E11621
7131048714591189903,B965
7131048714591189903,E1165
7131048714591189903,Y831
7131048714591189903,E1140
7131048714591189903,E1169
7131048714591189903,M86171
7131048714591189903,N186
7131048714591189903,R488
7131048714591189903,T8249XA
7131048714591189903,E872
7131048714591189903,E785
7131048714591189903,B954
7131048714591189903,L97514
7131048714591189903,7318
7131048714591189903,53081
7131048714591189903,25060
7131048714591189903,73027
7131048714591189903,25080
7131048714591189903,E780
7131048714591189903,I129
7131048714591189903,N183
7131048714591189903,L97519
7131048714591189903,E1121
7131048714591189903,N179
7131048714591189903,D649
7131048714591189903,R5084
7131048714591189903,R197
7131048714591189903,E875
7131048714591189903,B356
7131048714591189903,E8339
7131048714591189903,A408
7131048714591189903,K219
7131048714591189903,T82868A
7131048714591189903,Z89431
7131048714591189903,F1021
7131048714591189903,L281
7131048714591189903,L97511
7131048714591189903,L03114
7131048714591189903,I330
7131048714591189903,L851
7131048714591189903,E8770
7131048714591189903,K5900
7131048714591189903,A4102
7131048714591189903,T827XXA
7131048714591189903,25000
7131048714591189903,R2232
7131048714591189903,R200
7131048714591189903,E1151
7131048714591189903,E1142
7131048714591189903,S72145A
7131048714591189903,D62
7131048714591189903,E7800
7131048714591189903,27800
7131048714591189903,04111
7131048714591189903,2859
7131048714591189903,5859
7131048714591189903,30503
7155255168997124770,T383X1A
7155255168997124770,E1165
7155255168997124770,C9111
7155255168997124770,E039
7155255168997124770,G4733
7155255168997124770,M109
7155255168997124770,I480
7155255168997124770,E6601
7155255168997124770,F323
7155255168997124770,M19019
7155255168997124770,I10
7155255168997124770,E785
7155255168997124770,E119
7155255168997124770,F329
7155255168997124770,M7071
7155255168997124770,C9110
7155255168997124770,R0789
7155255168997124770,I2510
7155255168997124770,Z955
7155255168997124770,I4891
7155255168997124770,F0390
7155255168997124770,G629
7155255168997124770,G8194
7155255168997124770,I69354
7155255168997124770,H409
7155255168997124770,E0865
7155255168997124770,J449
7155255168997124770,M25512
7155255168997124770,L853
7155255168997124770,F3340
7155255168997124770,I69344
7155255168997124770,N141
7155255168997124770,I252
7155255168997124770,R7989
7155255168997124770,E1122
7155255168997124770,K316
7155255168997124770,F419
7155255168997124770,E1142
7155255168997124770,E781
7155255168997124770,I5032
7155255168997124770,M19012
7155255168997124770,K9589
7155255168997124770,N183
7155255168997124770,F05
7155255168997124770,M160
7155255168997124770,M19011
7155255168997124770,N179
7155255168997124770,K219
7155255168997124770,R5383
7155255168997124770,K289
7155255168997124770,I129
7155255168997124770,D649
7155255168997124770,K449
7155255168997124770,G8929
7155255168997124770,D696
7155255168997124770,R740
7155255168997124770,N390
7155255168997124770,I959
7155255168997124770,R339
7155255168997124770,D509
7155255168997124770,K5900
7155255168997124770,I495
7155255168997124770,E861
7155255168997124770,R319
7155255168997124770,R509
7155255168997124770,M1990
7155255168997124770,D638
7155255168997124770,R600
7155255168997124770,E669
7155255168997124770,R1030
7155255168997124770,M549
7155255168997124770,R079
7155255168997124770,Z9049
7155255168997124770,I272
7155255168997124770,E780
7155255168997124770,R001
7155255168997124770,R1013
7155255168997124770,R61
7155255168997124770,K625
7155255168997124770,M25519
7155255168997124770,I481
7155255168997124770,R791
7155255168997124770,E11649
7155255168997124770,E871
7155255168997124770,K648
7155255168997124770,E1136
7155255168997124770,D62
7155255168997124770,K635
7155255168997124770,K6389
7155255168997124770,C6292
7155255168997124770,R569
7155255168997124770,R410
7155255168997124770,M533
7155255168997124770,I509
7155255168997124770,R51
7155255168997124770,I110
7155255168997124770,G4700
7155255168997124770,E860
7155255168997124770,I309
7155255168997124770,I313
7155255168997124770,J189
7155255168997124770,I314
7155255168997124770,R570
7155255168997124770,I4892
7155255168997124770,I5033
7155255168997124770,M940
7155255168997124770,F259
7155255168997124770,I319
7155255168997124770,E875
7155255168997124770,E1121
7155255168997124770,C6212
7155255168997124770,F449
7155255168997124770,R002
7155255168997124770,M7989
7155255168997124770,B348
7155255168997124770,D6481
7155255168997124770,D630
7155255168997124770,J208
7155255168997124770,B3749
7155255168997124770,I69398
7155255168997124770,E222
7155255168997124770,I493
7155255168997124770,C6290
7155255168997124770,I5023
7155255168997124770,L299
7155255168997124770,F09
7155255168997124770,H8110
7155255168997124770,H53462
7155255168997124770,F325
7155255168997124770,R2240
7155255168997124770,F447
7155255168997124770,G3184
7155255168997124770,I214
7155255168997124770,M719
7262671035615120930,8449
7262671035615120930,311
7262671035615120930,27800
7262671035615120930,4439
7262671035615120930,3051
7262671035615120930,41401
7262671035615120930,4019
7262671035615120930,42833
7262671035615120930,53081
7262671035615120930,33829
7262671035615120930,412
7262671035615120930,5168
7262671035615120930,9168
7262671035615120930,34690
7262671035615120930,11289
7262671035615120930,3940
7262671035615120930,45981
7262671035615120930,5730
7262671035615120930,2768
7262671035615120930,V8801
7262671035615120930,30000
7262671035615120930,4280
7262671035615120930,V462
7262671035615120930,34830
7262671035615120930,5533
7262671035615120930,6822
7262671035615120930,4168
7262671035615120930,25000
7262671035615120930,515
7262671035615120930,2763
7262671035615120930,3004
7262671035615120930,4240
7262671035615120930,51881
7262671035615120930,2859
7262671035615120930,7245
7262671035615120930,E8706
7262671035615120930,9982
7427037643503998178,J449
7427037643503998178,J9621
7427037643503998178,I480
7427037643503998178,E780
7427037643503998178,N319
7427037643503998178,J9622
7427037643503998178,I129
7427037643503998178,G4733
7427037643503998178,K8020
7427037643503998178,D509
7427037643503998178,I2510
7427037643503998178,E119
7427037643503998178,F17210
7427037643503998178,D472
7427037643503998178,N183
7427037643503998178,I714
7427037643503998178,M19072
7427037643503998178,M109
7427037643503998178,I739
7427037643503998178,M1000
7427037643503998178,E042
7427037643503998178,J398
7427037643503998178,E669
7427037643503998178,K5790
7427037643503998178,I82622
7427037643503998178,I272
7427037643503998178,C73
7427037643503998178,E0520
7427037643503998178,E785
7427037643503998178,I10
7427037643503998178,3051
7427037643503998178,2411
7427037643503998178,73300
7427037643503998178,27651
7427037643503998178,2724
7427037643503998178,2809
7427037643503998178,5853
7427037643503998178,42731
7427037643503998178,25000
7427037643503998178,4414
7427037643503998178,4439
7427037643503998178,5589
7427037643503998178,7919
7427037643503998178,27800
7427037643503998178,5849
7427037643503998178,40390
7427037643503998178,59654
7427037643503998178,I340
7427037643503998178,N390
7427037643503998178,R319
7427037643503998178,I4891
7427037643503998178,N189
7427037643503998178,5990
7427037643503998178,27669
7427037643503998178,4280
7427037643503998178,7804
7427037643503998178,7842
7427037643503998178,5119
7427037643503998178,4150
7427037643503998178,0413
7489836918826771862,3129
7489836918826771862,7907
7489836918826771862,28521
7489836918826771862,34290
7489836918826771862,5829
7489836918826771862,48249
7489836918826771862,34839
7489836918826771862,99731
7489836918826771862,V4987
7489836918826771862,45829
7489836918826771862,2760
7489836918826771862,5849
7489836918826771862,78722
7489836918826771862,5070
7489836918826771862,4739
7489836918826771862,56210
7489836918826771862,7850
7489836918826771862,0416
7489836918826771862,28529
7489836918826771862,5781
7489836918826771862,43491
7489836918826771862,30000
7489836918826771862,30590
7489836918826771862,E8798
7489836918826771862,78052
7489836918826771862,5859
7489836918826771862,30390
7489836918826771862,40300
7633320537823105326,E669
7633320537823105326,I25110
7633320537823105326,F419
7633320537823105326,E785
7633320537823105326,Z955
7633320537823105326,F17200
7633320537823105326,I25119
7633320537823105326,K219
7633320537823105326,F17210
7708191038975000369,41401
7708191038975000369,41071
7708191038975000369,53081
7708191038975000369,4019
7708191038975000369,2724
7918537411740862407,4149
7918537411740862407,4019
7918537411740862407,412
7918537411740862407,41400
7918537411740862407,53081
7918537411740862407,1741
7918537411740862407,2724
7918537411740862407,32723
7918537411740862407,25000
7918537411740862407,E7800
7918537411740862407,I2510
7918537411740862407,I110
7918537411740862407,E119
7918537411740862407,I509
7918537411740862407,J811
7918537411740862407,E11649
7918537411740862407,E43
7918537411740862407,E874
7918537411740862407,I69322
7918537411740862407,K219
7918537411740862407,I951
7918537411740862407,E039
7918537411740862407,R64
7918537411740862407,I5043
7918537411740862407,N170
7918537411740862407,I69351
7918537411740862407,I69391
7918537411740862407,E8339
7918537411740862407,D649
7918537411740862407,D689
7918537411740862407,G4733
7918537411740862407,A0472
7918537411740862407,E870
7918537411740862407,G92
7918537411740862407,L0591
7918537411740862407,R1310
7918537411740862407,R570
7918537411740862407,I481
8009761406928052418,J810
8009761406928052418,Z933
8009761406928052418,G4700
8009761406928052418,I9789
8009761406928052418,I4891
8009761406928052418,D62
8009761406928052418,I255
8009761406928052418,R0902
8009761406928052418,Y832
8009761406928052418,E119
8009761406928052418,I959
8009761406928052418,I2510
8009761406928052418,K5190
8009761406928052418,E785
8090044958540695372,E1152
8090044958540695372,Z1621
8090044958540695372,E11621
8090044958540695372,R159
8090044958540695372,I2510
8090044958540695372,E785
8090044958540695372,I130
8090044958540695372,E1122
8090044958540695372,B952
8090044958540695372,B954
8090044958540695372,I4891
8090044958540695372,D62
8090044958540695372,T8119XA
8090044958540695372,T814XXA
8090044958540695372,R791
8090044958540695372,N179
8090044958540695372,J449
8090044958540695372,F05
8090044958540695372,T8131XA
8090044958540695372,L89899
8090044958540695372,F329
8090044958540695372,Z1623
8090044958540695372,B9689
8090044958540695372,M109
8090044958540695372,K219
8090044958540695372,N184
8090044958540695372,K5903
8090044958540695372,I5033
8090044958540695372,E039
8090044958540695372,R197
8090044958540695372,L97529
8090044958540695372,Y832
8090044958540695372,40390
8090044958540695372,5859
8090044958540695372,4280
8090044958540695372,25000
8090044958540695372,2449
8090044958540695372,4473
8090044958540695372,412
8090044958540695372,42830
8090044958540695372,I5032
8090044958540695372,I701
8090044958540695372,H34239
8090044958540695372,Z955
8090044958540695372,D649
8090044958540695372,G43109
8090044958540695372,J9691
8090044958540695372,R918
8090044958540695372,E669
8090044958540695372,J690
8090044958540695372,F419
8090044958540695372,E278
8090044958540695372,J441
8090044958540695372,I252
8090044958540695372,G8929
8090044958540695372,N170
8090044958540695372,E860
8090044958540695372,E871
8090044958540695372,42832
8090044958540695372,4401
8090044958540695372,311
8090044958540695372,41401
8090044958540695372,42731
8090044958540695372,71690
8090044958540695372,6820
8090044958540695372,2724
8090044958540695372,4439
8090044958540695372,5853
8090044958540695372,27800
8090044958540695372,33829
8090044958540695372,2859
8090044958540695372,2749
8090044958540695372,5849
8090044958540695372,34690
8090044958540695372,30521
8090044958540695372,71940
8090044958540695372,36230
8090044958540695372,25040
8090044958540695372,S9032XA
8090044958540695372,I340
8090044958540695372,D509
8090044958540695372,N183
8090044958540695372,I5023
8090044958540695372,I272
8090044958540695372,D631
8090044958540695372,K5791
8090044958540695372,45981
8090044958540695372,42833
8090044958540695372,30183
8090044958540695372,32723
8090044958540695372,B965
8090044958540695372,L97419
8090044958540695372,I70262
8090044958540695372,I5022
8090044958540695372,L97229
8090044958540695372,E11622
8090044958540695372,L97429
8090044958540695372,E11628
8090044958540695372,L97523
8090044958540695372,L03116
8090044958540695372,E11649
8090044958540695372,I509
8090044958540695372,I7789
8480470964666031560,99811
8480470964666031560,36250
8480470964666031560,E8786
8480470964666031560,2449
8480470964666031560,2851
8480470964666031560,33818
8480470964666031560,51189
8480470964666031560,1622
8527170356523164323,29680
8527170356523164323,30981
8527170356523164323,78959
8527170356523164323,496
8527170356523164323,5715
8527170356523164323,07070
8527170356523164323,5723
8527170356523164323,3051
8527170356523164323,2875
8527170356523164323,V08
8527170356523164323,07071
8527170356523164323,2761
8527170356523164323,2767
8527170356523164323,V462
8527170356523164323,45829
8527170356523164323,7994
8527170356523164323,07044
8527170356523164323,07054
8527170356523164323,78791
8692405834444096922,I214
8692405834444096922,K219
8692405834444096922,I7102
8805478484003283429,4556
8805478484003283429,2127
8805478484003283429,53550